regime,seed,strategy,cum_pct,sharpe,activity
mean reversion,0,qlearn_fixed,5.944535517904259,0.7514113561682079,0.13304721030042918
mean reversion,0,qlearn_kalman,-2.1707894636628255,-0.6255053679512421,0.05150214592274678
mean reversion,0,buyhold,-16.24767685572034,-0.7545156601599825,1.0
mean reversion,0,ma_crossover,-14.865515860620327,-1.1003967404030988,0.44635193133047213
mean reversion,1,qlearn_fixed,-6.548961934890441,-0.6866796718359331,0.17167381974248927
mean reversion,1,qlearn_kalman,-17.150175371038003,-1.9993525055433252,0.18454935622317598
mean reversion,1,buyhold,-38.845690628983355,-2.0746099513263903,1.0
mean reversion,1,ma_crossover,-11.110845259975699,-0.8404431344932107,0.3261802575107296
mean reversion,2,qlearn_fixed,-1.2776541739721092,-0.09320987261231276,0.12446351931330472
mean reversion,2,qlearn_kalman,-4.175149378104825,-0.49814250638951574,0.0815450643776824
mean reversion,2,buyhold,-5.167342493141414,-0.1334663595679706,1.0
mean reversion,2,ma_crossover,-17.306507731483233,-1.241440862664424,0.5021459227467812
mean reversion,3,qlearn_fixed,0.0,,0.0
mean reversion,3,qlearn_kalman,0.0,,0.0
mean reversion,3,buyhold,-4.628585880903091,-0.11546830524125322,1.0
mean reversion,3,ma_crossover,-4.4144750489644835,-0.2553200830311779,0.45064377682403434
mean reversion,4,qlearn_fixed,-10.175308544928907,-1.1307292263936373,0.1630901287553648
mean reversion,4,qlearn_kalman,-5.897835671694818,-0.5194549603838612,0.2145922746781116
mean reversion,4,buyhold,-2.661753887109497,-0.00802042242148002,1.0
mean reversion,4,ma_crossover,-22.509194332403005,-1.5124138566718945,0.5364806866952789
mean reversion,5,qlearn_fixed,-14.160913105111606,-2.8881387726541807,0.10300429184549356
mean reversion,5,qlearn_kalman,0.0,,0.0
mean reversion,5,buyhold,8.727813376079641,0.519537070408134,1.0
mean reversion,5,ma_crossover,16.719412393937194,1.065047200750039,0.5622317596566524
mean reversion,6,qlearn_fixed,7.699774638268608,1.6009749766246557,0.05150214592274678
mean reversion,6,qlearn_kalman,-11.664054168512584,-1.643503897219449,0.15021459227467812
mean reversion,6,buyhold,-2.3399582539845754,-0.013517863043756137,1.0
mean reversion,6,ma_crossover,-17.059828917250254,-1.2247064513959223,0.4248927038626609
mean reversion,7,qlearn_fixed,-6.145493947919778,-0.5709729990165847,0.18025751072961374
mean reversion,7,qlearn_kalman,-9.562117122886738,-1.5237816437655478,0.11158798283261803
mean reversion,7,buyhold,-4.625146203152475,-0.12182266682434437,1.0
mean reversion,7,ma_crossover,-8.120735697381054,-0.5420068235150631,0.4978540772532189
mean reversion,8,qlearn_fixed,0.0,,0.0
mean reversion,8,qlearn_kalman,-1.6049262945225684,-0.13644369714517324,0.1459227467811159
mean reversion,8,buyhold,-17.70211442739281,-0.7566993193552839,1.0
mean reversion,8,ma_crossover,7.615136771324615,0.5751462103871358,0.3605150214592275
mean reversion,9,qlearn_fixed,0.0,,0.0
mean reversion,9,qlearn_kalman,0.0,,0.0
mean reversion,9,buyhold,-4.762737772539882,-0.15597880409089343,1.0
mean reversion,9,ma_crossover,-4.885492055505325,-0.31649261000656725,0.41630901287553645
mean reversion,10,qlearn_fixed,-10.518975883455205,-1.006602640036812,0.27896995708154504
mean reversion,10,qlearn_kalman,0.0,,0.0
mean reversion,10,buyhold,-18.045630446907445,-0.8330217612274254,1.0
mean reversion,10,ma_crossover,-2.6289603689571894,-0.13776790474847067,0.4248927038626609
mean reversion,11,qlearn_fixed,-7.751971556613924,-0.6150613231436564,0.3218884120171674
mean reversion,11,qlearn_kalman,6.648745254522392,0.970431680299703,0.11587982832618025
mean reversion,11,buyhold,-8.626405819026473,-0.27707959638886587,1.0
mean reversion,11,ma_crossover,-5.078960201503557,-0.30050795114892415,0.3605150214592275
mean reversion,12,qlearn_fixed,-4.106670586068195,-0.9235356270300913,0.06866952789699571
mean reversion,12,qlearn_kalman,0.0,,0.0
mean reversion,12,buyhold,-15.556604359729587,-0.7221807396633152,1.0
mean reversion,12,ma_crossover,-3.819643481986723,-0.22226544999831202,0.41201716738197425
mean reversion,13,qlearn_fixed,4.425467519773396,0.6720929472894381,0.11587982832618025
mean reversion,13,qlearn_kalman,0.0,,0.0
mean reversion,13,buyhold,14.86959537569379,0.8236332241917627,1.0
mean reversion,13,ma_crossover,-8.034479726899125,-0.47382161193982464,0.6437768240343348
mean reversion,14,qlearn_fixed,-24.015479033898778,-1.9199920629565628,0.4291845493562232
mean reversion,14,qlearn_kalman,-6.217940184372983,-1.880464251232389,0.055793991416309016
mean reversion,14,buyhold,-26.523734039279667,-1.3754879036639003,1.0
mean reversion,14,ma_crossover,-14.891143618367074,-1.0920377618804618,0.38626609442060084
mean reversion,15,qlearn_fixed,3.999081132280069,0.4025725268954045,0.38197424892703863
mean reversion,15,qlearn_kalman,0.0,,0.0
mean reversion,15,buyhold,10.423063537180477,0.6178397574199561,1.0
mean reversion,15,ma_crossover,-10.093930343892533,-0.643418738136634,0.5879828326180258
mean reversion,16,qlearn_fixed,0.0,,0.0
mean reversion,16,qlearn_kalman,0.0,,0.0
mean reversion,16,buyhold,9.22895562292041,0.5658570968003276,1.0
mean reversion,16,ma_crossover,-13.89685704656598,-1.0298976425833843,0.575107296137339
mean reversion,17,qlearn_fixed,0.0,,0.0
mean reversion,17,qlearn_kalman,-11.736586377913182,-1.6015215420314672,0.17167381974248927
mean reversion,17,buyhold,8.335044113730117,0.5120689681523147,1.0
mean reversion,17,ma_crossover,-17.106112010733355,-1.317605831161531,0.5364806866952789
mean reversion,18,qlearn_fixed,0.0,,0.0
mean reversion,18,qlearn_kalman,0.0,,0.0
mean reversion,18,buyhold,-27.327591513656547,-1.4534045330065117,1.0
mean reversion,18,ma_crossover,-17.263358953501896,-1.4991531992806717,0.3090128755364807
mean reversion,19,qlearn_fixed,0.0,,0.0
mean reversion,19,qlearn_kalman,-5.493189975384205,-0.8599580069851169,0.055793991416309016
mean reversion,19,buyhold,-26.95601638096844,-1.5432815836564713,1.0
mean reversion,19,ma_crossover,-20.895898543557678,-1.9724308147746306,0.30042918454935624
mean reversion,20,qlearn_fixed,0.0,,0.0
mean reversion,20,qlearn_kalman,4.892114335466191,1.2557916543617376,0.03862660944206009
mean reversion,20,buyhold,17.78028358218844,0.914805097883641,1.0
mean reversion,20,ma_crossover,3.3608413716657903,0.3038422374129468,0.5879828326180258
mean reversion,21,qlearn_fixed,4.916091560742508,1.468370765587759,0.012875536480686695
mean reversion,21,qlearn_kalman,-0.7347251585040571,-1.2695433376943195,0.004291845493562232
mean reversion,21,buyhold,37.393032606450305,1.6229796848753981,1.0
mean reversion,21,ma_crossover,9.062502843617114,0.5971886352756195,0.721030042918455
mean reversion,22,qlearn_fixed,-5.957862746392295,-0.8531021294000554,0.11587982832618025
mean reversion,22,qlearn_kalman,-11.385597136425584,-1.9764326167744635,0.10300429184549356
mean reversion,22,buyhold,-27.944252225574996,-1.4167634496709836,1.0
mean reversion,22,ma_crossover,-26.402593416522635,-2.2916032092292276,0.33905579399141633
mean reversion,23,qlearn_fixed,0.0,,0.0
mean reversion,23,qlearn_kalman,-0.19306859382408614,0.04216004991354781,0.2532188841201717
mean reversion,23,buyhold,-5.130612193065842,-0.15135236351891143,1.0
mean reversion,23,ma_crossover,-18.327530211804934,-1.403004531518249,0.4592274678111588
mean reversion,24,qlearn_fixed,1.2878364548088106,0.8347451625930873,0.012875536480686695
mean reversion,24,qlearn_kalman,-9.13345329019213,-1.3619583979079022,0.13304721030042918
mean reversion,24,buyhold,10.296261738919931,0.6033973870999616,1.0
mean reversion,24,ma_crossover,3.647750593559773,0.3163517285762497,0.6351931330472103
mean reversion,25,qlearn_fixed,7.381704508967957,1.0864148409749528,0.0944206008583691
mean reversion,25,qlearn_kalman,-0.31918315310119905,-0.003855752305929038,0.0944206008583691
mean reversion,25,buyhold,-3.7336555118071546,-0.08402402732943123,1.0
mean reversion,25,ma_crossover,1.014290681103991,0.14781963087600924,0.4978540772532189
mean reversion,26,qlearn_fixed,0.10166221493774774,0.09416518721629048,0.49356223175965663
mean reversion,26,qlearn_kalman,-9.639568902603024,-1.8782737493950452,0.05150214592274678
mean reversion,26,buyhold,-29.006788380913285,-1.4024341831250697,1.0
mean reversion,26,ma_crossover,-19.46702933559088,-1.7568080449460433,0.2446351931330472
mean reversion,27,qlearn_fixed,0.0,,0.0
mean reversion,27,qlearn_kalman,0.0,,0.0
mean reversion,27,buyhold,34.35173107593712,1.5059150516340705,1.0
mean reversion,27,ma_crossover,19.30110165100065,1.1162740487891012,0.6223175965665236
mean reversion,28,qlearn_fixed,-11.594183558741856,-1.2644678826912112,0.2317596566523605
mean reversion,28,qlearn_kalman,0.0,,0.0
mean reversion,28,buyhold,-9.330876021106993,-0.3189715998114929,1.0
mean reversion,28,ma_crossover,-8.811900758859725,-0.5228349358059617,0.48068669527896996
mean reversion,29,qlearn_fixed,-17.900456857853154,-1.5640117221094063,0.2532188841201717
mean reversion,29,qlearn_kalman,13.346574597110683,2.2203664463312145,0.034334763948497854
mean reversion,29,buyhold,-23.513294812423535,-1.1729781142444375,1.0
mean reversion,29,ma_crossover,-10.474104851122213,-0.8485876998802656,0.3948497854077253
mean reversion,30,qlearn_fixed,0.0,,0.0
mean reversion,30,qlearn_kalman,15.217593791223404,1.4833524857169986,0.20600858369098712
mean reversion,30,buyhold,4.071159841992822,0.3071865249642995,1.0
mean reversion,30,ma_crossover,0.6324805184520166,0.11845144711291677,0.45064377682403434
mean reversion,31,qlearn_fixed,0.0,,0.0
mean reversion,31,qlearn_kalman,-4.617351417592963,-0.6647720390627869,0.11587982832618025
mean reversion,31,buyhold,-9.963056309812757,-0.3621449941786837,1.0
mean reversion,31,ma_crossover,-16.74104932121375,-1.1789907927725036,0.4978540772532189
mean reversion,32,qlearn_fixed,3.658207284408732,0.5707636317898145,0.11158798283261803
mean reversion,32,qlearn_kalman,-17.896378173692295,-2.7432245300801807,0.11158798283261803
mean reversion,32,buyhold,-1.2273947756006875,0.050989930417967615,1.0
mean reversion,32,ma_crossover,-13.519979689446993,-0.884407224442077,0.5450643776824035
mean reversion,33,qlearn_fixed,0.0,,0.0
mean reversion,33,qlearn_kalman,0.0,,0.0
mean reversion,33,buyhold,-25.458159883286047,-1.2660862682569323,1.0
mean reversion,33,ma_crossover,-28.185964336820067,-2.4421063566261676,0.41630901287553645
mean reversion,34,qlearn_fixed,-0.6852927442899781,-0.07086049427557592,0.09012875536480687
mean reversion,34,qlearn_kalman,2.7156109418744245,0.48432874346885185,0.06866952789699571
mean reversion,34,buyhold,-11.406747919118775,-0.5426905818594508,1.0
mean reversion,34,ma_crossover,-22.466074616071808,-2.2927786561517216,0.3605150214592275
mean reversion,35,qlearn_fixed,-8.212931414601277,-1.9431559907472644,0.05150214592274678
mean reversion,35,qlearn_kalman,-16.550907292712957,-2.3781147453029448,0.11587982832618025
mean reversion,35,buyhold,17.600941195113595,0.9433739823453221,1.0
mean reversion,35,ma_crossover,-1.7603327019035886,-0.05326127276734681,0.5364806866952789
mean reversion,36,qlearn_fixed,-9.324890636164785,-2.1917437815221454,0.04721030042918455
mean reversion,36,qlearn_kalman,0.0,,0.0
mean reversion,36,buyhold,13.584487562061188,0.7709794746681852,1.0
mean reversion,36,ma_crossover,12.563581279990066,0.882119566084177,0.5236051502145923
mean reversion,37,qlearn_fixed,-6.791419141621924,-0.9233147845704069,0.12875536480686695
mean reversion,37,qlearn_kalman,0.0,,0.0
mean reversion,37,buyhold,-22.406420644849725,-1.091651583577094,1.0
mean reversion,37,ma_crossover,-11.254915726208825,-0.94958028001085,0.34334763948497854
mean reversion,38,qlearn_fixed,5.934349168916064,1.8323942011099492,0.02145922746781116
mean reversion,38,qlearn_kalman,0.0,,0.0
mean reversion,38,buyhold,-7.2437593727991745,-0.2888899787054467,1.0
mean reversion,38,ma_crossover,-19.97238144635778,-2.047319150432293,0.3776824034334764
mean reversion,39,qlearn_fixed,6.425727228522238,0.7138716445357143,0.16738197424892703
mean reversion,39,qlearn_kalman,0.0,,0.0
mean reversion,39,buyhold,-8.747947629829056,-0.3051533672110977,1.0
mean reversion,39,ma_crossover,4.84378398560501,0.39629700096465886,0.41201716738197425
mean reversion,40,qlearn_fixed,0.0,,0.0
mean reversion,40,qlearn_kalman,3.9516490103782997,0.5464833889121242,0.12017167381974249
mean reversion,40,buyhold,-19.680496584077822,-0.9018396213016867,1.0
mean reversion,40,ma_crossover,-14.803928375083252,-1.2795971495917562,0.31759656652360513
mean reversion,41,qlearn_fixed,-4.417289316413164,-0.7349412831581705,0.07725321888412018
mean reversion,41,qlearn_kalman,-7.810747832850618,-0.8677069190360001,0.13733905579399142
mean reversion,41,buyhold,9.595611891682987,0.5302985434589977,1.0
mean reversion,41,ma_crossover,-9.672684183302295,-0.5385931435613637,0.5236051502145923
mean reversion,42,qlearn_fixed,0.0,,0.0
mean reversion,42,qlearn_kalman,0.0,,0.0
mean reversion,42,buyhold,-15.902038162543297,-0.7070477653724844,1.0
mean reversion,42,ma_crossover,-6.802497408141539,-0.6124666552024758,0.3133047210300429
mean reversion,43,qlearn_fixed,-31.248830304456344,-2.332958495889702,0.40772532188841204
mean reversion,43,qlearn_kalman,0.0,,0.0
mean reversion,43,buyhold,5.155904419886426,0.34513276392776115,1.0
mean reversion,43,ma_crossover,18.875922660224376,1.0830590635757211,0.4978540772532189
mean reversion,44,qlearn_fixed,0.0,,0.0
mean reversion,44,qlearn_kalman,-6.599293525170891,-0.939195503275859,0.1072961373390558
mean reversion,44,buyhold,31.949057362754306,1.4050000741271382,1.0
mean reversion,44,ma_crossover,15.641607212892783,0.9058175647474663,0.6437768240343348
mean reversion,45,qlearn_fixed,-4.226794018481206,-0.3892720748961085,0.24034334763948498
mean reversion,45,qlearn_kalman,0.0,,0.0
mean reversion,45,buyhold,-5.220285663586511,-0.15502631404664377,1.0
mean reversion,45,ma_crossover,9.260614462132487,0.6919445185840418,0.5236051502145923
mean reversion,46,qlearn_fixed,0.0,,0.0
mean reversion,46,qlearn_kalman,-8.753419254413641,-2.130703699744598,0.04291845493562232
mean reversion,46,buyhold,1.7605079355865971,0.1967455911551606,1.0
mean reversion,46,ma_crossover,-23.288752811500235,-1.748994333186593,0.4892703862660944
mean reversion,47,qlearn_fixed,-12.090140529707927,-1.926685609329744,0.1630901287553648
mean reversion,47,qlearn_kalman,0.0,,0.0
mean reversion,47,buyhold,-27.542410912848915,-1.4931467208764297,1.0
mean reversion,47,ma_crossover,-20.818291578040004,-2.1047435133616843,0.27467811158798283
mean reversion,48,qlearn_fixed,0.4731423827494474,0.12365328116550545,0.055793991416309016
mean reversion,48,qlearn_kalman,-0.33512501024419716,0.003484453800748267,0.15021459227467812
mean reversion,48,buyhold,10.05379799268491,0.585230374177057,1.0
mean reversion,48,ma_crossover,-9.381424184682185,-0.5865572415152209,0.5579399141630901
mean reversion,49,qlearn_fixed,-2.5158695573030743,-0.07485163939604486,0.6266094420600858
mean reversion,49,qlearn_kalman,0.0,,0.0
mean reversion,49,buyhold,13.918690071038364,0.7089749192495423,1.0
mean reversion,49,ma_crossover,-5.046903932079183,-0.20475491789531025,0.6094420600858369
mean reversion,50,qlearn_fixed,0.5332246051782619,0.11322086515091015,0.07725321888412018
mean reversion,50,qlearn_kalman,-9.948371918042842,-1.8381444160799747,0.060085836909871244
mean reversion,50,buyhold,17.54455832695423,0.91226369879222,1.0
mean reversion,50,ma_crossover,-9.284406336248562,-0.48564826299018427,0.6394849785407726
mean reversion,51,qlearn_fixed,7.475236623568282,0.717346612403102,0.351931330472103
mean reversion,51,qlearn_kalman,-4.61024812719284,-0.7702121563739052,0.10300429184549356
mean reversion,51,buyhold,6.198057580827787,0.4061803985634072,1.0
mean reversion,51,ma_crossover,-10.665966136833083,-0.6549869496344464,0.44206008583690987
mean reversion,52,qlearn_fixed,8.015841578705851,0.9997512612433692,0.13304721030042918
mean reversion,52,qlearn_kalman,1.5571490742054772,0.3256773724656103,0.09012875536480687
mean reversion,52,buyhold,-6.597170566054212,-0.20790427134628317,1.0
mean reversion,52,ma_crossover,-18.62507653682589,-1.2883057509836005,0.45493562231759654
mean reversion,53,qlearn_fixed,-15.454123362812389,-2.5451624216622357,0.06866952789699571
mean reversion,53,qlearn_kalman,0.0,,0.0
mean reversion,53,buyhold,-23.005510203985967,-1.1148869580867418,1.0
mean reversion,53,ma_crossover,-9.851276850417456,-0.8258004124442067,0.30472103004291845
mean reversion,54,qlearn_fixed,-6.889879054488945,-0.9163466603359796,0.18025751072961374
mean reversion,54,qlearn_kalman,0.0,,0.0
mean reversion,54,buyhold,-20.54290396058065,-1.0338679237696564,1.0
mean reversion,54,ma_crossover,-4.229922373186223,-0.28095830536593136,0.40772532188841204
mean reversion,55,qlearn_fixed,12.407543240366014,1.7151236440373598,0.060085836909871244
mean reversion,55,qlearn_kalman,0.0,,0.0
mean reversion,55,buyhold,-5.562869705259987,-0.16158723087171925,1.0
mean reversion,55,ma_crossover,-12.567731844916686,-0.9016208072612353,0.3948497854077253
mean reversion,56,qlearn_fixed,-15.065025480232263,-1.3343315013006527,0.30472103004291845
mean reversion,56,qlearn_kalman,0.0,,0.0
mean reversion,56,buyhold,-12.363819410115461,-0.5044762542008672,1.0
mean reversion,56,ma_crossover,-1.1431768332391568,-0.007662113319367638,0.3905579399141631
mean reversion,57,qlearn_fixed,-5.549192839301343,-0.7897823975300791,0.13304721030042918
mean reversion,57,qlearn_kalman,0.0,,0.0
mean reversion,57,buyhold,11.908704807027014,0.6484410778988595,1.0
mean reversion,57,ma_crossover,-18.699991436383723,-1.2989712865190082,0.5579399141630901
mean reversion,58,qlearn_fixed,-6.024240196434494,-0.423939292804956,0.2532188841201717
mean reversion,58,qlearn_kalman,-4.462632621718288,-0.39316288826303547,0.2145922746781116
mean reversion,58,buyhold,17.81126146423244,0.8935351797970245,1.0
mean reversion,58,ma_crossover,-7.084266172723774,-0.35793935888192624,0.5793991416309013
mean reversion,59,qlearn_fixed,0.0,,0.0
mean reversion,59,qlearn_kalman,5.5284333080393155,0.9833748009380081,0.060085836909871244
mean reversion,59,buyhold,-20.819702038888966,-1.0873092055827691,1.0
mean reversion,59,ma_crossover,-6.929009898724125,-0.6191701694304278,0.31759656652360513
mean reversion,60,qlearn_fixed,10.668609854629674,0.7732179417275448,0.5021459227467812
mean reversion,60,qlearn_kalman,-26.048366792507792,-3.4670703476660725,0.18454935622317598
mean reversion,60,buyhold,-12.392640311297631,-0.4597197930768871,1.0
mean reversion,60,ma_crossover,-17.433615050720462,-1.3083857141894055,0.3562231759656652
mean reversion,61,qlearn_fixed,0.0,,0.0
mean reversion,61,qlearn_kalman,0.0,,0.0
mean reversion,61,buyhold,-15.668852667240973,-0.7173679799469672,1.0
mean reversion,61,ma_crossover,12.795269169088241,1.0073345631700312,0.3605150214592275
mean reversion,62,qlearn_fixed,-18.1975377587557,-1.6455672263205678,0.2832618025751073
mean reversion,62,qlearn_kalman,-8.950181075805064,-1.4308712987772279,0.09871244635193133
mean reversion,62,buyhold,24.001199077540548,1.1842201254486777,1.0
mean reversion,62,ma_crossover,9.344694832307908,0.6284483045486976,0.6437768240343348
mean reversion,63,qlearn_fixed,-16.995978156742364,-2.3914736998892123,0.09871244635193133
mean reversion,63,qlearn_kalman,0.0,,0.0
mean reversion,63,buyhold,-29.58197084163723,-1.4926185389357054,1.0
mean reversion,63,ma_crossover,-10.433209928540155,-0.6927042205205531,0.3562231759656652
mean reversion,64,qlearn_fixed,-2.126851813342423,-0.08965512702314471,0.4678111587982833
mean reversion,64,qlearn_kalman,-5.739496629807617,-2.3287150996353048,0.030042918454935622
mean reversion,64,buyhold,-24.490197897180543,-1.2843010779958473,1.0
mean reversion,64,ma_crossover,-14.884139822826459,-1.1409224488708731,0.3905579399141631
mean reversion,65,qlearn_fixed,18.55081214773162,1.4184563746869054,0.40772532188841204
mean reversion,65,qlearn_kalman,4.587356176894053,0.8612595619007343,0.0815450643776824
mean reversion,65,buyhold,28.198748153753716,1.230133175134074,1.0
mean reversion,65,ma_crossover,9.33587723052456,0.5972717513154284,0.703862660944206
mean reversion,66,qlearn_fixed,-10.80717746746388,-1.3238842791121945,0.1630901287553648
mean reversion,66,qlearn_kalman,-6.363244213957964,-1.2897990407368471,0.0815450643776824
mean reversion,66,buyhold,-6.858351028482512,-0.25933654513765486,1.0
mean reversion,66,ma_crossover,-13.718538632901822,-1.1210698748712415,0.36909871244635195
mean reversion,67,qlearn_fixed,0.0,,0.0
mean reversion,67,qlearn_kalman,-16.191354862719866,-3.1857581990117194,0.09012875536480687
mean reversion,67,buyhold,-9.059904621917026,-0.3524832654542961,1.0
mean reversion,67,ma_crossover,-6.952135167495388,-0.3997625567778497,0.5364806866952789
mean reversion,68,qlearn_fixed,-7.455240531055685,-0.8964190213295525,0.12446351931330472
mean reversion,68,qlearn_kalman,0.0,,0.0
mean reversion,68,buyhold,6.830712569386832,0.4215170326096519,1.0
mean reversion,68,ma_crossover,0.9382030557285592,0.146552760079697,0.5836909871244635
mean reversion,69,qlearn_fixed,0.0,,0.0
mean reversion,69,qlearn_kalman,-4.435253036967268,-0.5290065952607903,0.2017167381974249
mean reversion,69,buyhold,-6.1963459734451165,-0.19510423218505232,1.0
mean reversion,69,ma_crossover,-10.78387064390095,-0.8364533226092612,0.4291845493562232
mean reversion,70,qlearn_fixed,1.44760669760009,0.21864947468872226,0.09871244635193133
mean reversion,70,qlearn_kalman,0.0,,0.0
mean reversion,70,buyhold,4.572096549777016,0.32656351298515834,1.0
mean reversion,70,ma_crossover,15.281592758916918,0.9773495205623646,0.5364806866952789
mean reversion,71,qlearn_fixed,0.18312384411824922,0.06434487508458005,0.06437768240343347
mean reversion,71,qlearn_kalman,-0.5608018860697506,-0.08866278854437508,0.08583690987124463
mean reversion,71,buyhold,-6.601593262303195,-0.23497003750791207,1.0
mean reversion,71,ma_crossover,-0.37344299636767886,0.05034397772152146,0.4721030042918455
mean reversion,72,qlearn_fixed,-10.449263657909757,-0.9499087363822659,0.2145922746781116
mean reversion,72,qlearn_kalman,-9.857126742972156,-1.3938765360198637,0.10300429184549356
mean reversion,72,buyhold,15.798443956056229,0.8094933519942902,1.0
mean reversion,72,ma_crossover,-0.4626822806829245,0.06800567052044258,0.6523605150214592
mean reversion,73,qlearn_fixed,7.051718081465519,0.5809243768579674,0.4978540772532189
mean reversion,73,qlearn_kalman,-2.5147653664628233,-1.1070133190710951,0.02145922746781116
mean reversion,73,buyhold,-5.997820911660656,-0.21804673736711838,1.0
mean reversion,73,ma_crossover,-12.046782978563408,-0.8768452623567343,0.463519313304721
mean reversion,74,qlearn_fixed,-8.135506461691799,-1.0022442891601113,0.19742489270386265
mean reversion,74,qlearn_kalman,0.0,,0.0
mean reversion,74,buyhold,-7.178322911076396,-0.23219585188411632,1.0
mean reversion,74,ma_crossover,-6.3998567940893984,-0.36350867094566974,0.4034334763948498
mean reversion,75,qlearn_fixed,6.162344475339765,1.845018145293969,0.034334763948497854
mean reversion,75,qlearn_kalman,0.0,,0.0
mean reversion,75,buyhold,18.576684781950405,0.8572564567660453,1.0
mean reversion,75,ma_crossover,2.3385123071881564,0.2328658034838259,0.5407725321888412
mean reversion,76,qlearn_fixed,0.0,,0.0
mean reversion,76,qlearn_kalman,0.0,,0.0
mean reversion,76,buyhold,5.550920885980082,0.3732513978096794,1.0
mean reversion,76,ma_crossover,-0.44795587663361003,0.05388177524024746,0.5836909871244635
mean reversion,77,qlearn_fixed,0.0,,0.0
mean reversion,77,qlearn_kalman,-13.431706033888824,-1.7591828010956088,0.10300429184549356
mean reversion,77,buyhold,17.306459949490318,0.8450953455427346,1.0
mean reversion,77,ma_crossover,31.10592599822468,1.8274874221977337,0.5536480686695279
mean reversion,78,qlearn_fixed,1.7290474044026283,0.4524915220782357,0.055793991416309016
mean reversion,78,qlearn_kalman,-9.214908121148834,-1.2330526846807968,0.1459227467811159
mean reversion,78,buyhold,-25.384851864580725,-1.4601382886363579,1.0
mean reversion,78,ma_crossover,-17.40408621939842,-1.6785841453974502,0.351931330472103
mean reversion,79,qlearn_fixed,-5.177419005741124,-0.6725543097653341,0.15450643776824036
mean reversion,79,qlearn_kalman,8.294704511993235,1.872910284889666,0.04291845493562232
mean reversion,79,buyhold,-9.252424164369,-0.3332983718873271,1.0
mean reversion,79,ma_crossover,-5.196296700711899,-0.2925703671157682,0.4678111587982833
mean reversion,80,qlearn_fixed,2.285548179534702,0.5200666698633885,0.07725321888412018
mean reversion,80,qlearn_kalman,0.0,,0.0
mean reversion,80,buyhold,-9.328028960570112,-0.3906444105920079,1.0
mean reversion,80,ma_crossover,-0.9426493511249356,-3.347126941799203e-05,0.4291845493562232
mean reversion,81,qlearn_fixed,0.0,,0.0
mean reversion,81,qlearn_kalman,-7.5993859061969875,-1.0172910125036434,0.1072961373390558
mean reversion,81,buyhold,-8.562863438727552,-0.33580226657005896,1.0
mean reversion,81,ma_crossover,-5.879842582465534,-0.3942047687762527,0.45493562231759654
mean reversion,82,qlearn_fixed,0.6949969414906887,0.21010920843752728,0.02575107296137339
mean reversion,82,qlearn_kalman,0.0,,0.0
mean reversion,82,buyhold,13.451837497718655,0.778092485268095,1.0
mean reversion,82,ma_crossover,-2.944991947355724,-0.13889534108389623,0.5622317596566524
mean reversion,83,qlearn_fixed,-15.134667785380984,-1.1468368510863578,0.41630901287553645
mean reversion,83,qlearn_kalman,0.0,,0.0
mean reversion,83,buyhold,-17.527105446533653,-0.807213810516845,1.0
mean reversion,83,ma_crossover,-0.30359027770394675,0.05354086833009709,0.47639484978540775
mean reversion,84,qlearn_fixed,0.0,,0.0
mean reversion,84,qlearn_kalman,-1.9734813354133407,-0.4459801175415356,0.02145922746781116
mean reversion,84,buyhold,-14.566718899638886,-0.6202354012746041,1.0
mean reversion,84,ma_crossover,-3.8114140368754157,-0.19165076105964843,0.3562231759656652
mean reversion,85,qlearn_fixed,9.398538136916624,0.8739313366025592,0.2832618025751073
mean reversion,85,qlearn_kalman,-9.43395570388983,-1.9698804880225536,0.055793991416309016
mean reversion,85,buyhold,3.4182945864353442,0.27506603995050505,1.0
mean reversion,85,ma_crossover,-0.9893609667498526,0.007512751060338618,0.5150214592274678
mean reversion,86,qlearn_fixed,0.0,,0.0
mean reversion,86,qlearn_kalman,-6.464654253083779,-1.125781670347975,0.11587982832618025
mean reversion,86,buyhold,26.356385603822964,1.2539444620166853,1.0
mean reversion,86,ma_crossover,1.1278407486714048,0.155841945417696,0.5536480686695279
mean reversion,87,qlearn_fixed,0.0,,0.0
mean reversion,87,qlearn_kalman,-5.373254259841409,-1.7666429850669192,0.030042918454935622
mean reversion,87,buyhold,51.09307749056031,2.059562706896554,1.0
mean reversion,87,ma_crossover,23.561090077395065,1.2757277636035045,0.7296137339055794
mean reversion,88,qlearn_fixed,0.0,,0.0
mean reversion,88,qlearn_kalman,0.0,,0.0
mean reversion,88,buyhold,7.521408355392145,0.47480181451567205,1.0
mean reversion,88,ma_crossover,-7.586555890985491,-0.4654931053914373,0.5879828326180258
mean reversion,89,qlearn_fixed,-2.9442642961846177,-0.4246720236058633,0.07296137339055794
mean reversion,89,qlearn_kalman,2.3416922687464314,0.47992719755002355,0.12017167381974249
mean reversion,89,buyhold,-20.884771006517454,-0.9970319250764338,1.0
mean reversion,89,ma_crossover,-16.815151722739184,-1.4721594533819025,0.30472103004291845
mean reversion,90,qlearn_fixed,0.0,,0.0
mean reversion,90,qlearn_kalman,0.0,,0.0
mean reversion,90,buyhold,-26.354079683549603,-1.3748979126680232,1.0
mean reversion,90,ma_crossover,-13.954525374767101,-1.348497804063515,0.31759656652360513
mean reversion,91,qlearn_fixed,-1.7243809416216505,-0.2629710884826829,0.11587982832618025
mean reversion,91,qlearn_kalman,0.0,,0.0
mean reversion,91,buyhold,17.34926035723392,0.9332729378234761,1.0
mean reversion,91,ma_crossover,-7.7500229875849485,-0.48446706986485455,0.5965665236051502
mean reversion,92,qlearn_fixed,-15.195911323881074,-2.7512635185749663,0.11158798283261803
mean reversion,92,qlearn_kalman,0.0,,0.0
mean reversion,92,buyhold,-2.568176788547194,-0.018319471112468393,1.0
mean reversion,92,ma_crossover,-11.290000949611468,-0.7592569960609028,0.5021459227467812
mean reversion,93,qlearn_fixed,-10.273963137978992,-1.1940976435660349,0.1630901287553648
mean reversion,93,qlearn_kalman,0.0,,0.0
mean reversion,93,buyhold,-22.875366733780677,-1.1338694138166612,1.0
mean reversion,93,ma_crossover,-17.640418564447067,-1.6127782214878776,0.34763948497854075
mean reversion,94,qlearn_fixed,0.0,,0.0
mean reversion,94,qlearn_kalman,-6.6409830306253355,-1.4193257598206042,0.05150214592274678
mean reversion,94,buyhold,17.47075129676796,0.8897872406094426,1.0
mean reversion,94,ma_crossover,11.713592702711772,0.754576726381208,0.6180257510729614
mean reversion,95,qlearn_fixed,-2.054224179477959,-0.45704833557000046,0.05150214592274678
mean reversion,95,qlearn_kalman,-13.532406312528721,-1.4614101416248315,0.22746781115879827
mean reversion,95,buyhold,-6.931537230870555,-0.23975303946579066,1.0
mean reversion,95,ma_crossover,13.06500912781161,0.9741736338356396,0.4334763948497854
mean reversion,96,qlearn_fixed,6.249012748933969,0.7192319971773883,0.2017167381974249
mean reversion,96,qlearn_kalman,2.680658335488606,0.3977529028517801,0.12017167381974249
mean reversion,96,buyhold,-6.6259465503754384,-0.25093702951068614,1.0
mean reversion,96,ma_crossover,3.6503749255727413,0.33031412813652566,0.49356223175965663
mean reversion,97,qlearn_fixed,-6.577968917311583,-0.809779105673329,0.12446351931330472
mean reversion,97,qlearn_kalman,0.0,,0.0
mean reversion,97,buyhold,-0.3511987317159515,0.09353329884404211,1.0
mean reversion,97,ma_crossover,-9.00153015794415,-0.5744607145887266,0.48497854077253216
mean reversion,98,qlearn_fixed,0.8737414624625073,0.13723155042436005,0.4248927038626609
mean reversion,98,qlearn_kalman,-7.04579052442943,-1.395560148900281,0.09871244635193133
mean reversion,98,buyhold,45.976387551764496,2.0020214431191685,1.0
mean reversion,98,ma_crossover,29.069879310761372,1.5910357465308513,0.6824034334763949
mean reversion,99,qlearn_fixed,-14.12444012120655,-1.8042307903449417,0.1459227467811159
mean reversion,99,qlearn_kalman,0.0,,0.0
mean reversion,99,buyhold,2.9005930907965327,0.25069215969384884,1.0
mean reversion,99,ma_crossover,1.4218926617939998,0.1758693028718056,0.5793991416309013
mean reversion,100,qlearn_fixed,15.082057905317336,1.208615554092803,0.2875536480686695
mean reversion,100,qlearn_kalman,-7.584560665961404,-0.7870729625323576,0.2575107296137339
mean reversion,100,buyhold,-2.3826972362623655,0.007531391016356688,1.0
mean reversion,100,ma_crossover,-12.969984718114747,-0.8715146965587576,0.47639484978540775
mean reversion,101,qlearn_fixed,9.556282131610573,1.764017273806336,0.08583690987124463
mean reversion,101,qlearn_kalman,0.0,,0.0
mean reversion,101,buyhold,-20.10534294834291,-0.9128611332696253,1.0
mean reversion,101,ma_crossover,-18.024887696111325,-1.5182744930952423,0.3090128755364807
mean reversion,102,qlearn_fixed,4.62641003344002,0.3800026027328679,0.5407725321888412
mean reversion,102,qlearn_kalman,-5.364405235463321,-1.9121061701476114,0.034334763948497854
mean reversion,102,buyhold,-26.09102010273825,-1.4053443575888216,1.0
mean reversion,102,ma_crossover,-17.95548593965879,-1.8506449022496845,0.26609442060085836
mean reversion,103,qlearn_fixed,0.0,,0.0
mean reversion,103,qlearn_kalman,7.164576635171072,0.9957430821925438,0.09871244635193133
mean reversion,103,buyhold,8.678640390896586,0.5126818678557271,1.0
mean reversion,103,ma_crossover,-1.8491078167477304,-0.054590083070050116,0.51931330472103
mean reversion,104,qlearn_fixed,1.4601631525667402,0.2926980499410131,0.07296137339055794
mean reversion,104,qlearn_kalman,0.0,,0.0
mean reversion,104,buyhold,-27.625087248948333,-1.318511370732111,1.0
mean reversion,104,ma_crossover,-14.789822824848454,-1.0521677887240783,0.3261802575107296
mean reversion,105,qlearn_fixed,-7.840624129853024,-1.08775667429761,0.1630901287553648
mean reversion,105,qlearn_kalman,0.1467047714266645,0.09207763897105396,0.02145922746781116
mean reversion,105,buyhold,-10.838337234732553,-0.4503904631930001,1.0
mean reversion,105,ma_crossover,-8.50677114498538,-0.5449117706958159,0.4592274678111588
mean reversion,106,qlearn_fixed,-8.10620161029446,-1.1605089172360583,0.08583690987124463
mean reversion,106,qlearn_kalman,-2.7992470329982866,-0.3781599485723145,0.04721030042918455
mean reversion,106,buyhold,-15.588201031547621,-0.661921426983584,1.0
mean reversion,106,ma_crossover,-13.708464405089583,-0.9718517626635487,0.45493562231759654
mean reversion,107,qlearn_fixed,3.1564458818058583,0.8109250710557492,0.04721030042918455
mean reversion,107,qlearn_kalman,0.0,,0.0
mean reversion,107,buyhold,10.907251853867805,0.6549601645589878,1.0
mean reversion,107,ma_crossover,5.069197574213402,0.42035000321014926,0.6394849785407726
mean reversion,108,qlearn_fixed,-17.644651911023935,-1.723946818297856,0.33047210300429186
mean reversion,108,qlearn_kalman,0.0,,0.0
mean reversion,108,buyhold,-4.826830325350928,-0.1383925748813399,1.0
mean reversion,108,ma_crossover,-8.283870283028438,-0.5721188499316728,0.4892703862660944
mean reversion,109,qlearn_fixed,-5.303924259656045,-0.2965969594472801,0.5493562231759657
mean reversion,109,qlearn_kalman,0.0,,0.0
mean reversion,109,buyhold,9.125765590776535,0.5332498983261621,1.0
mean reversion,109,ma_crossover,2.4092917491965515,0.24063205748492278,0.5879828326180258
mean reversion,110,qlearn_fixed,0.0,,0.0
mean reversion,110,qlearn_kalman,0.4039539122679958,0.0945425015338474,0.15450643776824036
mean reversion,110,buyhold,-17.861395012090796,-0.7939782770977708,1.0
mean reversion,110,ma_crossover,-13.05055570154452,-1.1425393984685723,0.33047210300429186
mean reversion,111,qlearn_fixed,0.0,,0.0
mean reversion,111,qlearn_kalman,-18.342768852229174,-2.290321831965263,0.1759656652360515
mean reversion,111,buyhold,47.381541392368916,1.9667613776660817,1.0
mean reversion,111,ma_crossover,18.551671815587568,1.150504464652629,0.6652360515021459
mean reversion,112,qlearn_fixed,-19.86092900455293,-2.2301186053300563,0.16738197424892703
mean reversion,112,qlearn_kalman,0.0,,0.0
mean reversion,112,buyhold,43.73844238007003,1.843969004517638,1.0
mean reversion,112,ma_crossover,35.93739836553374,1.9883770955929148,0.5793991416309013
mean reversion,113,qlearn_fixed,0.0,,0.0
mean reversion,113,qlearn_kalman,0.0,,0.0
mean reversion,113,buyhold,-11.90617239347398,-0.5137800935892729,1.0
mean reversion,113,ma_crossover,-18.45410179809267,-1.7065415820663972,0.4034334763948498
mean reversion,114,qlearn_fixed,-4.713597718955132,-0.42693531305146304,0.22746781115879827
mean reversion,114,qlearn_kalman,0.0,,0.0
mean reversion,114,buyhold,-28.403672989281205,-1.4130999429353588,1.0
mean reversion,114,ma_crossover,-12.64843435822457,-0.9860358029799492,0.27896995708154504
mean reversion,115,qlearn_fixed,-6.005310788463058,-0.5295928346197004,0.3218884120171674
mean reversion,115,qlearn_kalman,0.0,,0.0
mean reversion,115,buyhold,-11.55958632464652,-0.5166012445827269,1.0
mean reversion,115,ma_crossover,-5.807154905090172,-0.3662121557637985,0.4892703862660944
mean reversion,116,qlearn_fixed,-2.917884425889694,-0.6915064361762394,0.055793991416309016
mean reversion,116,qlearn_kalman,0.0,,0.0
mean reversion,116,buyhold,-17.47774709683465,-0.7566439283841193,1.0
mean reversion,116,ma_crossover,-8.50810668071692,-0.5770443220432095,0.4034334763948498
mean reversion,117,qlearn_fixed,-8.946183093762372,-0.9620230510460087,0.2017167381974249
mean reversion,117,qlearn_kalman,0.0,,0.0
mean reversion,117,buyhold,-6.118250688904769,-0.1905992621805441,1.0
mean reversion,117,ma_crossover,-11.143854132864062,-0.8277042625532116,0.41201716738197425
mean reversion,118,qlearn_fixed,0.0,,0.0
mean reversion,118,qlearn_kalman,-6.309339692668869,-2.0477530382092732,0.04721030042918455
mean reversion,118,buyhold,33.323453538731854,1.4628049888912278,1.0
mean reversion,118,ma_crossover,13.855854685852552,0.8632589161209658,0.5793991416309013
mean reversion,119,qlearn_fixed,-13.613329555159604,-1.9463824751344811,0.11587982832618025
mean reversion,119,qlearn_kalman,0.0,,0.0
mean reversion,119,buyhold,-6.974981689373793,-0.27217160313087907,1.0
mean reversion,119,ma_crossover,-13.197270105395454,-0.9897426567925984,0.5021459227467812
mean reversion,120,qlearn_fixed,0.0,,0.0
mean reversion,120,qlearn_kalman,0.0,,0.0
mean reversion,120,buyhold,-4.086810626681581,-0.09142155942650154,1.0
mean reversion,120,ma_crossover,-5.697091710464031,-0.31918833546859715,0.4248927038626609
mean reversion,121,qlearn_fixed,-10.823464002225203,-1.3384509897870849,0.1072961373390558
mean reversion,121,qlearn_kalman,0.8957127114709307,0.15343062060432847,0.12446351931330472
mean reversion,121,buyhold,-11.0755050288463,-0.4314895805194597,1.0
mean reversion,121,ma_crossover,-10.78127159088169,-0.825988637083816,0.38197424892703863
mean reversion,122,qlearn_fixed,0.09060300440131286,0.07537701808044825,0.3133047210300429
mean reversion,122,qlearn_kalman,-9.572025108203718,-1.2869365207039742,0.11587982832618025
mean reversion,122,buyhold,0.9131814180610487,0.15804010967277293,1.0
mean reversion,122,ma_crossover,-15.046651728880533,-0.9531261788664418,0.5064377682403434
mean reversion,123,qlearn_fixed,5.6879218052973135,0.5080067792025974,0.3218884120171674
mean reversion,123,qlearn_kalman,0.0,,0.0
mean reversion,123,buyhold,4.988754562711417,0.340234768588764,1.0
mean reversion,123,ma_crossover,6.271506407913097,0.4508782606195724,0.648068669527897
mean reversion,124,qlearn_fixed,4.109902068362725,0.4081876823270462,0.37339055793991416
mean reversion,124,qlearn_kalman,0.0,,0.0
mean reversion,124,buyhold,9.184177721528108,0.5757274604629908,1.0
mean reversion,124,ma_crossover,5.861850564426563,0.47429049417998914,0.5965665236051502
mean reversion,125,qlearn_fixed,-2.117382815292501,-0.32328077560746155,0.11158798283261803
mean reversion,125,qlearn_kalman,0.0,,0.0
mean reversion,125,buyhold,-16.160255695424432,-0.7448692587514987,1.0
mean reversion,125,ma_crossover,-15.694332889792895,-1.3704373220531034,0.34763948497854075
mean reversion,126,qlearn_fixed,-7.90281780465466,-1.4216197550886327,0.06437768240343347
mean reversion,126,qlearn_kalman,0.0,,0.0
mean reversion,126,buyhold,27.143754991225897,1.2747611333807871,1.0
mean reversion,126,ma_crossover,15.368892592676575,0.956865894235931,0.6051502145922747
mean reversion,127,qlearn_fixed,0.0,,0.0
mean reversion,127,qlearn_kalman,-13.309687194749543,-1.0597773052898087,0.3648068669527897
mean reversion,127,buyhold,29.39878394420137,1.413188926279515,1.0
mean reversion,127,ma_crossover,23.28671249754781,1.429409134684096,0.6351931330472103
mean reversion,128,qlearn_fixed,0.0,,0.0
mean reversion,128,qlearn_kalman,-1.9500426583784702,-0.23415977273405972,0.07296137339055794
mean reversion,128,buyhold,18.295696136021135,0.8862015327820202,1.0
mean reversion,128,ma_crossover,2.8288584292411434,0.2576514137381318,0.5965665236051502
mean reversion,129,qlearn_fixed,22.897029786191435,1.9721422569725642,0.2532188841201717
mean reversion,129,qlearn_kalman,-0.055653834673774494,0.0008790260069229425,0.030042918454935622
mean reversion,129,buyhold,9.118052529281906,0.5189553528646282,1.0
mean reversion,129,ma_crossover,-6.793149251572217,-0.332706914180993,0.5708154506437768
mean reversion,130,qlearn_fixed,-7.604329775101293,-1.1240060217619563,0.11158798283261803
mean reversion,130,qlearn_kalman,5.605561205550069,0.6731590910063995,0.1459227467811159
mean reversion,130,buyhold,64.83120394974875,2.4561428945570567,1.0
mean reversion,130,ma_crossover,25.873699600095623,1.3689144914675266,0.7467811158798283
mean reversion,131,qlearn_fixed,0.0,,0.0
mean reversion,131,qlearn_kalman,0.0,,0.0
mean reversion,131,buyhold,-28.611640278454388,-1.6820017872351654,1.0
mean reversion,131,ma_crossover,-15.363290373916916,-1.5447964467748583,0.27896995708154504
mean reversion,132,qlearn_fixed,0.0,,0.0
mean reversion,132,qlearn_kalman,0.0,,0.0
mean reversion,132,buyhold,52.71137169334068,2.0938261350877463,1.0
mean reversion,132,ma_crossover,26.608939581660216,1.4115894329272813,0.703862660944206
mean reversion,133,qlearn_fixed,0.0,,0.0
mean reversion,133,qlearn_kalman,-19.38764127870375,-2.466805952139298,0.19742489270386265
mean reversion,133,buyhold,-12.857539221125624,-0.5239277001831981,1.0
mean reversion,133,ma_crossover,-4.736911898006735,-0.281643958124839,0.463519313304721
mean reversion,134,qlearn_fixed,11.34963183536961,1.2209348272865672,0.24034334763948498
mean reversion,134,qlearn_kalman,0.0,,0.0
mean reversion,134,buyhold,-14.287968975992415,-0.6496570459180702,1.0
mean reversion,134,ma_crossover,-11.638909450317259,-0.8167186293777412,0.4034334763948498
mean reversion,135,qlearn_fixed,0.0,,0.0
mean reversion,135,qlearn_kalman,0.0,,0.0
mean reversion,135,buyhold,32.94797020385089,1.4445679406954748,1.0
mean reversion,135,ma_crossover,8.482515851114258,0.548231178641017,0.6695278969957081
mean reversion,136,qlearn_fixed,-15.544737655323015,-1.9737473745482699,0.1459227467811159
mean reversion,136,qlearn_kalman,-10.25632180661329,-1.7687766614718767,0.0944206008583691
mean reversion,136,buyhold,-21.0709705420135,-1.07368671664771,1.0
mean reversion,136,ma_crossover,-6.619842714585678,-0.49791054339659185,0.36909871244635195
mean reversion,137,qlearn_fixed,0.0,,0.0
mean reversion,137,qlearn_kalman,0.0,,0.0
mean reversion,137,buyhold,-3.3318771813573678,-0.022423663256735067,1.0
mean reversion,137,ma_crossover,-13.529621108419033,-0.8476843981255425,0.48497854077253216
mean reversion,138,qlearn_fixed,-5.394309287210353,-0.5800935502648352,0.13733905579399142
mean reversion,138,qlearn_kalman,-14.588959333393003,-1.694644267426219,0.18025751072961374
mean reversion,138,buyhold,23.89225534659365,1.1348331431112137,1.0
mean reversion,138,ma_crossover,13.892551546371944,0.9115459426502137,0.6437768240343348
mean reversion,139,qlearn_fixed,-11.63145727571605,-2.3909586696851903,0.06866952789699571
mean reversion,139,qlearn_kalman,4.843302277447226,0.9416287791820807,0.06437768240343347
mean reversion,139,buyhold,4.371608859228759,0.31465043873945975,1.0
mean reversion,139,ma_crossover,-3.874188334759443,-0.1901435834771694,0.4592274678111588
mean reversion,140,qlearn_fixed,-19.47234472999807,-2.0366350320576703,0.26609442060085836
mean reversion,140,qlearn_kalman,0.0,,0.0
mean reversion,140,buyhold,-1.2917125548973951,0.04028877527397267,1.0
mean reversion,140,ma_crossover,-10.83491043760948,-0.6973259177426171,0.5536480686695279
mean reversion,141,qlearn_fixed,-15.075964086827154,-1.2689431137597529,0.38197424892703863
mean reversion,141,qlearn_kalman,0.0,,0.0
mean reversion,141,buyhold,29.343638710747697,1.4402038384868572,1.0
mean reversion,141,ma_crossover,12.675487486199666,0.8524948805131541,0.6781115879828327
mean reversion,142,qlearn_fixed,7.130335857268766,1.4282485299943233,0.07725321888412018
mean reversion,142,qlearn_kalman,0.0,,0.0
mean reversion,142,buyhold,-20.445548293262117,-1.0181009623088453,1.0
mean reversion,142,ma_crossover,-13.073325252561874,-1.0795159710060174,0.3905579399141631
mean reversion,143,qlearn_fixed,-6.699474927109872,-1.1609867870363284,0.09012875536480687
mean reversion,143,qlearn_kalman,0.0,,0.0
mean reversion,143,buyhold,25.513503703097882,1.2319519107651227,1.0
mean reversion,143,ma_crossover,12.738234964354266,0.8668067886959201,0.5879828326180258
mean reversion,144,qlearn_fixed,0.0,,0.0
mean reversion,144,qlearn_kalman,-9.645925591897708,-1.6123350261358111,0.09012875536480687
mean reversion,144,buyhold,8.032399039352335,0.48520426758384927,1.0
mean reversion,144,ma_crossover,1.7542272554586846,0.19477601260879213,0.5665236051502146
mean reversion,145,qlearn_fixed,-3.6200694236020348,-0.5222143065292578,0.12017167381974249
mean reversion,145,qlearn_kalman,-19.73300171087715,-2.9415878168244776,0.1072961373390558
mean reversion,145,buyhold,-7.60636721960547,-0.2455991060358496,1.0
mean reversion,145,ma_crossover,-16.40041669120609,-1.0380980509929094,0.4334763948497854
mean reversion,146,qlearn_fixed,0.0,,0.0
mean reversion,146,qlearn_kalman,-2.1151881110246906,-0.4814553983492557,0.05150214592274678
mean reversion,146,buyhold,41.71113302037108,1.940637705497802,1.0
mean reversion,146,ma_crossover,40.85078848459891,2.2455820578098495,0.6909871244635193
mean reversion,147,qlearn_fixed,0.9808206223041793,0.14929557070840163,0.2446351931330472
mean reversion,147,qlearn_kalman,-1.2884541546584583,-1.1356829751601734,0.017167381974248927
mean reversion,147,buyhold,6.228549318231114,0.4176624223862197,1.0
mean reversion,147,ma_crossover,5.996519812587309,0.48422476789076563,0.592274678111588
mean reversion,148,qlearn_fixed,0.0,,0.0
mean reversion,148,qlearn_kalman,0.0,,0.0
mean reversion,148,buyhold,7.7680232144344386,0.4628418115085047,1.0
mean reversion,148,ma_crossover,-5.528343454133056,-0.27210991095405773,0.5622317596566524
mean reversion,149,qlearn_fixed,15.776207727485382,2.391912839545342,0.11158798283261803
mean reversion,149,qlearn_kalman,0.0,,0.0
mean reversion,149,buyhold,44.880153090578645,1.9560008507023303,1.0
mean reversion,149,ma_crossover,27.042855702200708,1.5029560423707704,0.6866952789699571
random walk,0,qlearn_fixed,0.0,,0.0
random walk,0,qlearn_kalman,-6.961700487101597,-0.9028340464061427,0.18454935622317598
random walk,0,buyhold,-18.25213760403621,-0.8818969010763635,1.0
random walk,0,ma_crossover,-15.440644287205252,-1.180870706196275,0.45064377682403434
random walk,1,qlearn_fixed,0.0,,0.0
random walk,1,qlearn_kalman,-17.168270145571498,-1.5530339839436,0.30042918454935624
random walk,1,buyhold,-43.16123169136613,-2.3911720573149235,1.0
random walk,1,ma_crossover,-11.751414981705588,-0.8831450141632906,0.33047210300429186
random walk,2,qlearn_fixed,-6.191671178475067,-0.7738284679024158,0.09012875536480687
random walk,2,qlearn_kalman,-35.16332487589523,-3.212256742707997,0.3605150214592275
random walk,2,buyhold,-5.952457175077397,-0.17652843998740217,1.0
random walk,2,ma_crossover,-15.431405241227758,-1.076787731883657,0.5107296137339056
random walk,3,qlearn_fixed,-11.20379664763177,-2.154232366263837,0.06866952789699571
random walk,3,qlearn_kalman,-11.401549742584294,-1.3973913125086286,0.1630901287553648
random walk,3,buyhold,-5.508290969166141,-0.1621673119293327,1.0
random walk,3,ma_crossover,-1.1619205970816449,-0.01492997725927452,0.44635193133047213
random walk,4,qlearn_fixed,3.192639523692642,0.9252940764609067,0.030042918454935622
random walk,4,qlearn_kalman,-13.657544041638502,-1.4040964809601093,0.21030042918454936
random walk,4,buyhold,-2.7952711738357894,-0.0186088220951082,1.0
random walk,4,ma_crossover,-24.2221360338864,-1.6791062824107306,0.5321888412017167
random walk,5,qlearn_fixed,3.3993922967537005,0.5524798305885685,0.11158798283261803
random walk,5,qlearn_kalman,0.0,,0.0
random walk,5,buyhold,10.088772336829098,0.5818499450552529,1.0
random walk,5,ma_crossover,18.738095613040983,1.1620653542580575,0.5665236051502146
random walk,6,qlearn_fixed,2.5663600649288965,0.6955900666357199,0.030042918454935622
random walk,6,qlearn_kalman,0.0,,0.0
random walk,6,buyhold,-2.597295709266545,-0.034533119924871965,1.0
random walk,6,ma_crossover,-17.229276655209734,-1.277750407694928,0.4248927038626609
random walk,7,qlearn_fixed,-5.9623012218661176,-0.5358590899766212,0.22317596566523606
random walk,7,qlearn_kalman,0.0,,0.0
random walk,7,buyhold,-4.753254829478992,-0.1252776611746234,1.0
random walk,7,ma_crossover,-1.8901821389540996,-0.06625435519665616,0.5064377682403434
random walk,8,qlearn_fixed,0.0,,0.0
random walk,8,qlearn_kalman,-12.476035904016246,-1.432382029743165,0.15879828326180256
random walk,8,buyhold,-20.49980604929498,-0.9236752977629712,1.0
random walk,8,ma_crossover,9.41540455295149,0.6981757662657491,0.3605150214592275
random walk,9,qlearn_fixed,0.0,,0.0
random walk,9,qlearn_kalman,0.0,,0.0
random walk,9,buyhold,-5.079916144133756,-0.1832951080257939,1.0
random walk,9,ma_crossover,-4.216373095179549,-0.27492618003088687,0.41630901287553645
random walk,10,qlearn_fixed,-6.632671451995698,-0.38162561676024087,0.48497854077253216
random walk,10,qlearn_kalman,11.894257661796903,1.0887286292267855,0.27467811158798283
random walk,10,buyhold,-20.36540701997911,-0.9904557853118555,1.0
random walk,10,ma_crossover,-1.2726037327252748,-0.03289311996581349,0.4248927038626609
random walk,11,qlearn_fixed,3.093658393444687,0.45503252914086234,0.11587982832618025
random walk,11,qlearn_kalman,0.0,,0.0
random walk,11,buyhold,-9.771276061885171,-0.3464472509858961,1.0
random walk,11,ma_crossover,-0.06013605047430204,0.0711541721431152,0.36909871244635195
random walk,12,qlearn_fixed,-3.9915641306283445,-0.43096572033166225,0.19313304721030042
random walk,12,qlearn_kalman,-5.120377392004571,-0.7195336614400888,0.15021459227467812
random walk,12,buyhold,-17.493879001490185,-0.843853397643745,1.0
random walk,12,ma_crossover,-1.4357816856562566,-0.042081110964594354,0.40772532188841204
random walk,13,qlearn_fixed,3.7267454189298332,0.4966598642440931,0.12017167381974249
random walk,13,qlearn_kalman,-8.585922133694456,-2.332772668379929,0.06437768240343347
random walk,13,buyhold,17.353013420396344,0.9334593565695477,1.0
random walk,13,ma_crossover,-7.261464547115826,-0.42319043878808144,0.6351931330472103
random walk,14,qlearn_fixed,0.0,,0.0
random walk,14,qlearn_kalman,-6.413599649144208,-1.0316127483713584,0.0944206008583691
random walk,14,buyhold,-29.51211731413581,-1.589938432900896,1.0
random walk,14,ma_crossover,-18.058374617629656,-1.401294136852109,0.3776824034334764
random walk,15,qlearn_fixed,2.584312928871624,0.4876745076888699,0.08583690987124463
random walk,15,qlearn_kalman,0.0,,0.0
random walk,15,buyhold,12.502771845780703,0.7287905160515767,1.0
random walk,15,ma_crossover,-10.72220110157377,-0.7052174108130504,0.592274678111588
random walk,16,qlearn_fixed,0.0,,0.0
random walk,16,qlearn_kalman,0.0,,0.0
random walk,16,buyhold,10.331875799244461,0.6261426968475189,1.0
random walk,16,ma_crossover,-12.417457555942747,-0.934974435148059,0.5708154506437768
random walk,17,qlearn_fixed,0.0,,0.0
random walk,17,qlearn_kalman,0.0,,0.0
random walk,17,buyhold,9.341570939476895,0.5564693107292602,1.0
random walk,17,ma_crossover,-15.935431810839207,-1.2142727659704349,0.5278969957081545
random walk,18,qlearn_fixed,11.154098902302835,1.101307851152023,0.19313304721030042
random walk,18,qlearn_kalman,-7.3941411883994395,-1.1818889127485674,0.11158798283261803
random walk,18,buyhold,-30.786707572847625,-1.7255301022398137,1.0
random walk,18,ma_crossover,-18.458454192584274,-1.6233974145858352,0.3090128755364807
random walk,19,qlearn_fixed,0.0,,0.0
random walk,19,qlearn_kalman,-4.624644530797328,-0.5301786392647455,0.18025751072961374
random walk,19,buyhold,-30.41603566771056,-1.8379657215864051,1.0
random walk,19,ma_crossover,-22.385837636385688,-2.200131041508056,0.30042918454935624
random walk,20,qlearn_fixed,0.0,,0.0
random walk,20,qlearn_kalman,-7.746358954898202,-0.838417712501548,0.1759656652360515
random walk,20,buyhold,21.151395366787295,1.0596951402444768,1.0
random walk,20,ma_crossover,6.422847060126258,0.5049799618813672,0.5879828326180258
random walk,21,qlearn_fixed,-10.865503476324623,-1.8705733706179055,0.1072961373390558
random walk,21,qlearn_kalman,0.0,,0.0
random walk,21,buyhold,44.296685111957416,1.8960768786660964,1.0
random walk,21,ma_crossover,10.13737331801099,0.6676752757237774,0.7253218884120172
random walk,22,qlearn_fixed,0.0,,0.0
random walk,22,qlearn_kalman,-2.18657518375025,-0.3423449307086067,0.10300429184549356
random walk,22,buyhold,-31.43842439923642,-1.659979221376234,1.0
random walk,22,ma_crossover,-26.87021837445075,-2.297660513522408,0.33905579399141633
random walk,23,qlearn_fixed,0.0,,0.0
random walk,23,qlearn_kalman,-15.862373405482943,-1.9685735905565063,0.16738197424892703
random walk,23,buyhold,-5.857319966732466,-0.1916290211657083,1.0
random walk,23,ma_crossover,-18.484226294496644,-1.4364729241211576,0.463519313304721
random walk,24,qlearn_fixed,0.0,,0.0
random walk,24,qlearn_kalman,-0.7864992445762775,-0.4207624969311921,0.017167381974248927
random walk,24,buyhold,12.20122407362898,0.6900230101398427,1.0
random walk,24,ma_crossover,7.697453408409194,0.5612587916163869,0.6394849785407726
random walk,25,qlearn_fixed,-2.3685161145655553,-0.34210413951885965,0.09012875536480687
random walk,25,qlearn_kalman,-2.167546515906582,-0.3096101180825142,0.0944206008583691
random walk,25,buyhold,-4.299743889219321,-0.11674639432834029,1.0
random walk,25,ma_crossover,2.774152749532144,0.27091306238613055,0.4978540772532189
random walk,26,qlearn_fixed,0.0,,0.0
random walk,26,qlearn_kalman,0.107149780799487,0.04920661701594628,0.04721030042918455
random walk,26,buyhold,-32.512407707663485,-1.676176903282047,1.0
random walk,26,ma_crossover,-17.819915760253224,-1.6100695443543553,0.23605150214592274
random walk,27,qlearn_fixed,-3.545188115403397,-0.3397389242981961,0.15450643776824036
random walk,27,qlearn_kalman,0.0,,0.0
random walk,27,buyhold,40.60558616091681,1.7479812965982626,1.0
random walk,27,ma_crossover,24.865059948138992,1.411077748696647,0.6137339055793991
random walk,28,qlearn_fixed,-19.108529425664035,-1.8757099832082262,0.27467811158798283
random walk,28,qlearn_kalman,-3.234877763691213,-0.4452686753762272,0.12875536480686695
random walk,28,buyhold,-10.306021942277631,-0.37578731663324205,1.0
random walk,28,ma_crossover,-9.899045279449481,-0.6136304433993739,0.48068669527896996
random walk,29,qlearn_fixed,0.0,,0.0
random walk,29,qlearn_kalman,0.0,,0.0
random walk,29,buyhold,-26.600425012202344,-1.3936063339554279,1.0
random walk,29,ma_crossover,-9.998926492433835,-0.8104349482897392,0.38626609442060084
random walk,30,qlearn_fixed,0.0,,0.0
random walk,30,qlearn_kalman,0.0,,0.0
random walk,30,buyhold,4.981211473082303,0.35246044503473234,1.0
random walk,30,ma_crossover,2.357008802563998,0.2546309358550646,0.45064377682403434
random walk,31,qlearn_fixed,-10.64853726783712,-1.0786969213899262,0.20600858369098712
random walk,31,qlearn_kalman,-10.64853726783712,-1.0786969213899262,0.20600858369098712
random walk,31,buyhold,-11.291348084532093,-0.4283361511339758,1.0
random walk,31,ma_crossover,-15.993731957684465,-1.1424184131068122,0.4892703862660944
random walk,32,qlearn_fixed,0.0,,0.0
random walk,32,qlearn_kalman,-3.7552317587541073,-0.4309615735291788,0.0815450643776824
random walk,32,buyhold,-1.9806277640788017,0.01035438216955424,1.0
random walk,32,ma_crossover,-15.278791980934358,-1.047526360111339,0.5407725321888412
random walk,33,qlearn_fixed,-15.906284547657012,-2.1270511623520103,0.18025751072961374
random walk,33,qlearn_kalman,0.0,,0.0
random walk,33,buyhold,-28.553102001750997,-1.4653952253454898,1.0
random walk,33,ma_crossover,-28.809172419459117,-2.503591829823182,0.41201716738197425
random walk,34,qlearn_fixed,-3.637224479682566,-0.4859695255702737,0.13304721030042918
random walk,34,qlearn_kalman,-1.230276892697857,-0.532050552028636,0.02575107296137339
random walk,34,buyhold,-12.955013543403204,-0.6622793143854345,1.0
random walk,34,ma_crossover,-23.632466084698457,-2.496878139654838,0.3605150214592275
random walk,35,qlearn_fixed,-10.819107527804272,-2.0598814431820354,0.10300429184549356
random walk,35,qlearn_kalman,-6.869351412232671,-1.292795566297811,0.07296137339055794
random walk,35,buyhold,19.967434094754456,1.0519923357866732,1.0
random walk,35,ma_crossover,0.48508606463770754,0.10931546418641552,0.51931330472103
random walk,36,qlearn_fixed,-2.109802449748055,-0.4855058342161913,0.034334763948497854
random walk,36,qlearn_kalman,0.0,,0.0
random walk,36,buyhold,15.8908860719005,0.8704422510899359,1.0
random walk,36,ma_crossover,17.678418162612374,1.177492460281742,0.5278969957081545
random walk,37,qlearn_fixed,0.0,,0.0
random walk,37,qlearn_kalman,-1.4276125719284716,-0.3473940679723453,0.06437768240343347
random walk,37,buyhold,-25.37472696467088,-1.2943804580451632,1.0
random walk,37,ma_crossover,-11.131369548442871,-0.9213145764035132,0.34334763948497854
random walk,38,qlearn_fixed,0.0,,0.0
random walk,38,qlearn_kalman,-14.936200413907684,-1.9896161733471627,0.15879828326180256
random walk,38,buyhold,-7.919535338025597,-0.3318280523901022,1.0
random walk,38,ma_crossover,-17.094629455128285,-1.716162571602247,0.3648068669527897
random walk,39,qlearn_fixed,7.751563803884287,1.0383998332626596,0.08583690987124463
random walk,39,qlearn_kalman,0.0,,0.0
random walk,39,buyhold,-10.097053368450926,-0.3813817493910636,1.0
random walk,39,ma_crossover,6.460692295954473,0.5049366347589728,0.41201716738197425
random walk,40,qlearn_fixed,0.0,,0.0
random walk,40,qlearn_kalman,-11.363286161894404,-1.20229167998631,0.1888412017167382
random walk,40,buyhold,-22.406710994863754,-1.0988485334018843,1.0
random walk,40,ma_crossover,-14.778874070464255,-1.335330671642538,0.31759656652360513
random walk,41,qlearn_fixed,5.24603923587712,0.7347289326967931,0.12446351931330472
random walk,41,qlearn_kalman,0.0,,0.0
random walk,41,buyhold,11.134725459014948,0.6002972368359258,1.0
random walk,41,ma_crossover,-7.463819104756908,-0.4045896591955376,0.5236051502145923
random walk,42,qlearn_fixed,-9.304272647997792,-1.9138335169318679,0.09012875536480687
random walk,42,qlearn_kalman,-1.3248832831415092,-1.6485805035634216,0.012875536480686695
random walk,42,buyhold,-18.066451210645994,-0.8297541663189681,1.0
random walk,42,ma_crossover,-9.12663006083283,-0.8018321893009793,0.31759656652360513
random walk,43,qlearn_fixed,-14.699438738147796,-1.6708735211678685,0.1759656652360515
random walk,43,qlearn_kalman,0.0,,0.0
random walk,43,buyhold,6.027105473830496,0.38400646526028803,1.0
random walk,43,ma_crossover,19.202562372569474,1.1158401630174046,0.5021459227467812
random walk,44,qlearn_fixed,2.573457231855225,0.3799923008302346,0.14163090128755365
random walk,44,qlearn_kalman,-6.03162635449589,-1.1445142170639513,0.0815450643776824
random walk,44,buyhold,36.96107577629162,1.6021060321594547,1.0
random walk,44,ma_crossover,20.258893760907814,1.137431013075854,0.648068669527897
random walk,45,qlearn_fixed,-7.036992594995728,-1.4697604385635583,0.05150214592274678
random walk,45,qlearn_kalman,-3.5568533897746835,-0.5609588288991101,0.08583690987124463
random walk,45,buyhold,-5.811556912805715,-0.18871522659761725,1.0
random walk,45,ma_crossover,12.564886818348487,0.8898883819652125,0.5278969957081545
random walk,46,qlearn_fixed,-0.6765383804077207,-0.09834711523458614,0.06866952789699571
random walk,46,qlearn_kalman,1.8710596465415952,0.4001510402642091,0.02575107296137339
random walk,46,buyhold,1.9089044252509568,0.20366863805166052,1.0
random walk,46,ma_crossover,-24.423944628266312,-1.8551031245840406,0.4892703862660944
random walk,47,qlearn_fixed,-8.520109047589376,-1.3809283413073297,0.09871244635193133
random walk,47,qlearn_kalman,-8.1995234459315,-0.8081977483593095,0.1888412017167382
random walk,47,buyhold,-31.120399480593008,-1.7839678278676037,1.0
random walk,47,ma_crossover,-25.80010276311472,-2.6802420015208823,0.2832618025751073
random walk,48,qlearn_fixed,0.0,,0.0
random walk,48,qlearn_kalman,0.8602362493256521,0.35722983660438806,0.02575107296137339
random walk,48,buyhold,11.924627513566977,0.6804257701820461,1.0
random walk,48,ma_crossover,-7.072991466914558,-0.42230107818337087,0.5622317596566524
random walk,49,qlearn_fixed,16.9395026894954,1.2387302481524087,0.4334763948497854
random walk,49,qlearn_kalman,0.0,,0.0
random walk,49,buyhold,16.31916100829127,0.8099000810104494,1.0
random walk,49,ma_crossover,-0.5371873757321732,0.059360489800460124,0.5965665236051502
random walk,50,qlearn_fixed,6.475696938118558,0.5721503914734779,0.4291845493562232
random walk,50,qlearn_kalman,-12.64563832517025,-1.5401636033684987,0.11158798283261803
random walk,50,buyhold,20.31481878091497,1.0354049495482605,1.0
random walk,50,ma_crossover,-7.101022751809671,-0.3451722415223638,0.6437768240343348
random walk,51,qlearn_fixed,0.0,,0.0
random walk,51,qlearn_kalman,0.0,,0.0
random walk,51,buyhold,6.525005290113417,0.4207966949183917,1.0
random walk,51,ma_crossover,-15.034763955712638,-0.9754352861643723,0.44635193133047213
random walk,52,qlearn_fixed,0.0,,0.0
random walk,52,qlearn_kalman,-7.498586269322461,-0.9332721797864872,0.18025751072961374
random walk,52,buyhold,-7.70049006559963,-0.27318229658358595,1.0
random walk,52,ma_crossover,-19.570501866843458,-1.3765099191869967,0.45493562231759654
random walk,53,qlearn_fixed,0.0,,0.0
random walk,53,qlearn_kalman,0.0,,0.0
random walk,53,buyhold,-25.70440668538193,-1.282077633597314,1.0
random walk,53,ma_crossover,-10.525557691448551,-0.8938130002932759,0.3090128755364807
random walk,54,qlearn_fixed,-9.301575134467566,-1.5002848769576285,0.055793991416309016
random walk,54,qlearn_kalman,-7.873081206671229,-1.8604618291742507,0.055793991416309016
random walk,54,buyhold,-23.270501560044533,-1.2240560604389308,1.0
random walk,54,ma_crossover,-2.082764592015207,-0.10296126822083891,0.41201716738197425
random walk,55,qlearn_fixed,0.0,,0.0
random walk,55,qlearn_kalman,-8.999470162122613,-0.9777305061277007,0.1630901287553648
random walk,55,buyhold,-6.555174484720194,-0.21508059074763453,1.0
random walk,55,ma_crossover,-17.456141449166374,-1.4194553981099074,0.38626609442060084
random walk,56,qlearn_fixed,-12.666944283726068,-1.0113360108725742,0.4206008583690987
random walk,56,qlearn_kalman,-1.001730015999358,-0.11909183691666346,0.07725321888412018
random walk,56,buyhold,-13.519733365220798,-0.5863417965828298,1.0
random walk,56,ma_crossover,-0.31108847554723873,0.05209736861825582,0.38197424892703863
random walk,57,qlearn_fixed,-5.273336382236183,-0.3592312083324886,0.4334763948497854
random walk,57,qlearn_kalman,-33.16960729391778,-2.9300225416534613,0.45064377682403434
random walk,57,buyhold,14.121989670091018,0.7460792724608731,1.0
random walk,57,ma_crossover,-17.663720659868332,-1.206808045253451,0.5622317596566524
random walk,58,qlearn_fixed,0.0,,0.0
random walk,58,qlearn_kalman,0.0,,0.0
random walk,58,buyhold,20.411183003629475,1.014090765016446,1.0
random walk,58,ma_crossover,-0.771891950561221,0.037815602177064984,0.5793991416309013
random walk,59,qlearn_fixed,-6.515128927697411,-0.8920469161588995,0.0944206008583691
random walk,59,qlearn_kalman,-9.04175146699744,-1.5968067791661513,0.055793991416309016
random walk,59,buyhold,-23.87507616596064,-1.3160905851148537,1.0
random walk,59,ma_crossover,-8.32717239835683,-0.7447366141549083,0.3218884120171674
random walk,60,qlearn_fixed,-3.544052259001307,-0.12095900901360243,0.6523605150214592
random walk,60,qlearn_kalman,0.0,,0.0
random walk,60,buyhold,-14.547392216264099,-0.5823631861110083,1.0
random walk,60,ma_crossover,-17.937269704367232,-1.3700440410016876,0.3605150214592275
random walk,61,qlearn_fixed,0.0,,0.0
random walk,61,qlearn_kalman,0.0,,0.0
random walk,61,buyhold,-18.592604383213096,-0.9011644754783265,1.0
random walk,61,ma_crossover,15.6155266104127,1.2217530692925354,0.3605150214592275
random walk,62,qlearn_fixed,8.771508453441612,0.9555006305446799,0.3090128755364807
random walk,62,qlearn_kalman,-9.00134482723728,-1.6294895014172976,0.06866952789699571
random walk,62,buyhold,27.777341560503178,1.3584530095865341,1.0
random walk,62,ma_crossover,16.12423792069393,0.9959725609308278,0.6523605150214592
random walk,63,qlearn_fixed,0.0,,0.0
random walk,63,qlearn_kalman,0.0,,0.0
random walk,63,buyhold,-32.80727525658088,-1.6894151312306336,1.0
random walk,63,ma_crossover,-11.413826101253942,-0.7450363396551994,0.3562231759656652
random walk,64,qlearn_fixed,-13.068947229755201,-1.4538038011126067,0.26180257510729615
random walk,64,qlearn_kalman,0.0,,0.0
random walk,64,buyhold,-27.78772726810891,-1.5262307218224267,1.0
random walk,64,ma_crossover,-16.647055560113667,-1.313461724874141,0.39914163090128757
random walk,65,qlearn_fixed,0.0,,0.0
random walk,65,qlearn_kalman,0.0,,0.0
random walk,65,buyhold,32.545772597152165,1.4060457532539543,1.0
random walk,65,ma_crossover,12.705216443243472,0.7790593031059933,0.703862660944206
random walk,66,qlearn_fixed,-15.327890737581807,-1.9438895678677819,0.1759656652360515
random walk,66,qlearn_kalman,0.0,,0.0
random walk,66,buyhold,-7.90055236407643,-0.3230931528355768,1.0
random walk,66,ma_crossover,-15.297359745751615,-1.2961092496967794,0.38197424892703863
random walk,67,qlearn_fixed,-7.028834863302191,-0.9442500431216507,0.15021459227467812
random walk,67,qlearn_kalman,-11.450781337876482,-1.4838973517322396,0.13304721030042918
random walk,67,buyhold,-10.083561375837146,-0.4117097585593806,1.0
random walk,67,ma_crossover,-6.458703548778166,-0.37760279076654624,0.5364806866952789
random walk,68,qlearn_fixed,-4.306695706891417,-0.39360264439575426,0.2575107296137339
random walk,68,qlearn_kalman,0.0,,0.0
random walk,68,buyhold,7.897611125560289,0.46899073426471943,1.0
random walk,68,ma_crossover,1.9071547097110786,0.20377523160501781,0.575107296137339
random walk,69,qlearn_fixed,7.295311752211675,0.7948082598568142,0.20600858369098712
random walk,69,qlearn_kalman,-0.22045025959009923,-0.004214727697756754,0.12446351931330472
random walk,69,buyhold,-7.389969664768303,-0.2629142347461904,1.0
random walk,69,ma_crossover,-10.624476928911552,-0.8384417549631545,0.4248927038626609
random walk,70,qlearn_fixed,-2.3948762920357525,-0.21234745743022365,0.19742489270386265
random walk,70,qlearn_kalman,0.0,,0.0
random walk,70,buyhold,5.500074433890001,0.37175000118134877,1.0
random walk,70,ma_crossover,17.513686157484855,1.1049609625285854,0.5321888412017167
random walk,71,qlearn_fixed,5.089132056266199,0.6336435888983428,0.18454935622317598
random walk,71,qlearn_kalman,11.958880419170214,1.2024891215224993,0.26609442060085836
random walk,71,buyhold,-7.364194119390744,-0.2831175268140955,1.0
random walk,71,ma_crossover,4.3741786730109755,0.38265816236611544,0.4721030042918455
random walk,72,qlearn_fixed,-3.315664061179291,-0.21004678791428705,0.3090128755364807
random walk,72,qlearn_kalman,0.0,,0.0
random walk,72,buyhold,18.27093582650663,0.9142067450986607,1.0
random walk,72,ma_crossover,1.8287940434958294,0.1983073603132911,0.6566523605150214
random walk,73,qlearn_fixed,0.0,,0.0
random walk,73,qlearn_kalman,0.0,,0.0
random walk,73,buyhold,-6.710184459458334,-0.2638153888130976,1.0
random walk,73,ma_crossover,-12.326026384493582,-0.9184076402236778,0.463519313304721
random walk,74,qlearn_fixed,-3.8946741943797214,-0.8495221602977793,0.060085836909871244
random walk,74,qlearn_kalman,-8.49851685473839,-1.5180870607744994,0.055793991416309016
random walk,74,buyhold,-8.045040008929938,-0.2899572579943765,1.0
random walk,74,ma_crossover,-3.3504548180882,-0.15209681059892735,0.41201716738197425
random walk,75,qlearn_fixed,0.0,,0.0
random walk,75,qlearn_kalman,-9.469484233691949,-1.431406972618625,0.07296137339055794
random walk,75,buyhold,21.498962914923126,0.9700127874430294,1.0
random walk,75,ma_crossover,7.32757001155282,0.5383863756317243,0.5450643776824035
random walk,76,qlearn_fixed,0.0,,0.0
random walk,76,qlearn_kalman,0.0,,0.0
random walk,76,buyhold,6.23380941078866,0.40774978144301416,1.0
random walk,76,ma_crossover,3.528691022906738,0.30955573530300234,0.5793991416309013
random walk,77,qlearn_fixed,0.0,,0.0
random walk,77,qlearn_kalman,-12.938575748021474,-2.02675235094189,0.11587982832618025
random walk,77,buyhold,19.31261437495799,0.9302878879745443,1.0
random walk,77,ma_crossover,36.346572321242675,2.1169554609207175,0.5493562231759657
random walk,78,qlearn_fixed,-24.133957682782036,-3.368678199312474,0.12875536480686695
random walk,78,qlearn_kalman,0.0,,0.0
random walk,78,buyhold,-28.70054365621506,-1.7058973138290503,1.0
random walk,78,ma_crossover,-19.093706363542307,-1.8797627371047603,0.3562231759656652
random walk,79,qlearn_fixed,0.0,,0.0
random walk,79,qlearn_kalman,0.0,,0.0
random walk,79,buyhold,-10.803705050658529,-0.4098918145765802,1.0
random walk,79,ma_crossover,-2.6881321730618746,-0.11510233781568305,0.463519313304721
random walk,80,qlearn_fixed,4.441899849850395,0.871212391894677,0.04291845493562232
random walk,80,qlearn_kalman,-5.215133696806207,-0.7766818083803316,0.07296137339055794
random walk,80,buyhold,-10.569047735552662,-0.4644040137344624,1.0
random walk,80,ma_crossover,-0.14034731793504118,0.06022462742087289,0.4334763948497854
random walk,81,qlearn_fixed,0.0,,0.0
random walk,81,qlearn_kalman,0.0,,0.0
random walk,81,buyhold,-9.796060608163282,-0.41015861953604754,1.0
random walk,81,ma_crossover,-4.526067879532558,-0.28441772587429454,0.45064377682403434
random walk,82,qlearn_fixed,-5.357741288890239,-1.4565578542618307,0.04721030042918455
random walk,82,qlearn_kalman,0.0,,0.0
random walk,82,buyhold,15.529850171621295,0.8928266109962344,1.0
random walk,82,ma_crossover,-1.8884703918115253,-0.06480328465501387,0.5708154506437768
random walk,83,qlearn_fixed,-13.18092550651303,-1.6365304710548034,0.15021459227467812
random walk,83,qlearn_kalman,0.0,,0.0
random walk,83,buyhold,-20.01403693741839,-0.9885699750558616,1.0
random walk,83,ma_crossover,0.8539318495641268,0.1360862556802443,0.47639484978540775
random walk,84,qlearn_fixed,0.0,,0.0
random walk,84,qlearn_kalman,-2.900281583762554,-0.57079462909686,0.030042918454935622
random walk,84,buyhold,-16.56757721778076,-0.7425210400940401,1.0
random walk,84,ma_crossover,-4.613089680066162,-0.24797434947827723,0.3605150214592275
random walk,85,qlearn_fixed,4.415318734089002,0.3471161934812863,0.7253218884120172
random walk,85,qlearn_kalman,0.0,,0.0
random walk,85,buyhold,3.729793352970634,0.29135008842561105,1.0
random walk,85,ma_crossover,-1.850338940162366,-0.05793967775791185,0.5064377682403434
random walk,86,qlearn_fixed,0.0,,0.0
random walk,86,qlearn_kalman,0.0,,0.0
random walk,86,buyhold,31.087385254663324,1.4344649071379902,1.0
random walk,86,ma_crossover,5.639613180356529,0.4471136142575969,0.5493562231759657
random walk,87,qlearn_fixed,0.0,,0.0
random walk,87,qlearn_kalman,-3.5315488864762323,-0.47415278302558556,0.15021459227467812
random walk,87,buyhold,60.08755607133354,2.3493748770009018,1.0
random walk,87,ma_crossover,28.964109271264515,1.537740302440375,0.7296137339055794
random walk,88,qlearn_fixed,-7.94597748616045,-1.813742934203844,0.04721030042918455
random walk,88,qlearn_kalman,0.0,,0.0
random walk,88,buyhold,9.230294275356732,0.5534852223450694,1.0
random walk,88,ma_crossover,-6.426373837872079,-0.3803018928845475,0.5836909871244635
random walk,89,qlearn_fixed,0.7834308506496468,0.15688355042355412,0.06866952789699571
random walk,89,qlearn_kalman,-9.533128825821013,-1.0382937785264517,0.14163090128755365
random walk,89,buyhold,-23.083364514459713,-1.1590468381445649,1.0
random walk,89,ma_crossover,-18.39352426035228,-1.70541751557691,0.3133047210300429
random walk,90,qlearn_fixed,0.0,,0.0
random walk,90,qlearn_kalman,-15.757074049318387,-1.875194002846777,0.19742489270386265
random walk,90,buyhold,-29.8681294344853,-1.641845478868631,1.0
random walk,90,ma_crossover,-13.609484159093299,-1.3065934859995139,0.3218884120171674
random walk,91,qlearn_fixed,-2.176077050122527,-0.492942311908252,0.06437768240343347
random walk,91,qlearn_kalman,0.0,,0.0
random walk,91,buyhold,20.342120786426165,1.060554122135445,1.0
random walk,91,ma_crossover,-7.257950544530334,-0.44996372886343533,0.592274678111588
random walk,92,qlearn_fixed,-3.57700643923784,-0.13198618063581521,0.648068669527897
random walk,92,qlearn_kalman,0.0,,0.0
random walk,92,buyhold,-2.4044556549686957,-0.01598157076595972,1.0
random walk,92,ma_crossover,-8.253465939362513,-0.5421271403335071,0.49356223175965663
random walk,93,qlearn_fixed,-17.13726060866727,-2.273846485585729,0.15450643776824036
random walk,93,qlearn_kalman,0.0,,0.0
random walk,93,buyhold,-25.76017996472888,-1.3561241602089817,1.0
random walk,93,ma_crossover,-18.19278528794036,-1.7145745138442967,0.34763948497854075
random walk,94,qlearn_fixed,-6.922254702210829,-1.131433638306129,0.1072961373390558
random walk,94,qlearn_kalman,-6.922254702210829,-1.131433638306129,0.1072961373390558
random walk,94,buyhold,20.490530919084993,1.0324036613648948,1.0
random walk,94,ma_crossover,14.683475580396244,0.9313318093816841,0.6180257510729614
random walk,95,qlearn_fixed,-0.6882386815880714,-0.12162089386569293,0.06866952789699571
random walk,95,qlearn_kalman,0.0,,0.0
random walk,95,buyhold,-8.015124560147314,-0.3026876327937796,1.0
random walk,95,ma_crossover,15.383763101175308,1.143095267073695,0.4248927038626609
random walk,96,qlearn_fixed,0.0,,0.0
random walk,96,qlearn_kalman,0.0,,0.0
random walk,96,buyhold,-7.079024983756743,-0.28445798210392453,1.0
random walk,96,ma_crossover,7.049680767119759,0.577324409948514,0.48497854077253216
random walk,97,qlearn_fixed,-9.628176911648634,-0.9797656933558856,0.1759656652360515
random walk,97,qlearn_kalman,0.0,,0.0
random walk,97,buyhold,-0.36536159054698647,0.09128693403426419,1.0
random walk,97,ma_crossover,-4.936948452985757,-0.27674180015621214,0.48497854077253216
random walk,98,qlearn_fixed,3.083252636249223,0.2873250440107766,0.5021459227467812
random walk,98,qlearn_kalman,-20.22729316483378,-2.336954089900415,0.2575107296137339
random walk,98,buyhold,54.666099181882146,2.3049209774935986,1.0
random walk,98,ma_crossover,36.96965032319994,1.9331817814772523,0.6824034334763949
random walk,99,qlearn_fixed,-15.37700342048235,-2.0183961143262725,0.14163090128755365
random walk,99,qlearn_kalman,-0.21105366935217917,-0.0316784341535113,0.03862660944206009
random walk,99,buyhold,3.485998387185374,0.27878958140591475,1.0
random walk,99,ma_crossover,2.0108370429291034,0.2165172685081238,0.5793991416309013
random walk,100,qlearn_fixed,0.0,,0.0
random walk,100,qlearn_kalman,0.0,,0.0
random walk,100,buyhold,-2.497367522739846,-0.004553506038821319,1.0
random walk,100,ma_crossover,-12.221928791631386,-0.8102368209646081,0.47639484978540775
random walk,101,qlearn_fixed,14.641606736679513,0.948084866020848,0.463519313304721
random walk,101,qlearn_kalman,0.0,,0.0
random walk,101,buyhold,-22.727278440163047,-1.0715796257623291,1.0
random walk,101,ma_crossover,-15.505823099460569,-1.3391920486975517,0.3090128755364807
random walk,102,qlearn_fixed,-0.09633307432492799,0.031401543208766966,0.2446351931330472
random walk,102,qlearn_kalman,-0.6395293767877952,-0.03604732032510518,0.13733905579399142
random walk,102,buyhold,-29.484048539344144,-1.6590827000463286,1.0
random walk,102,ma_crossover,-18.529998734651308,-1.9111995710359657,0.2703862660944206
random walk,103,qlearn_fixed,0.0,,0.0
random walk,103,qlearn_kalman,-9.686106501602898,-0.9979428590042837,0.2575107296137339
random walk,103,buyhold,9.97675752922127,0.5704664253034809,1.0
random walk,103,ma_crossover,-0.48058490073062954,0.04370093214595738,0.5278969957081545
random walk,104,qlearn_fixed,-12.293822585929648,-2.247466700699993,0.055793991416309016
random walk,104,qlearn_kalman,0.0,,0.0
random walk,104,buyhold,-31.487996560082298,-1.5667311392261214,1.0
random walk,104,ma_crossover,-16.962179098581544,-1.1933335490880355,0.33047210300429186
random walk,105,qlearn_fixed,-17.438942708524074,-1.9753184517610571,0.14163090128755365
random walk,105,qlearn_kalman,3.498999640233502,1.4005279093613014,0.030042918454935622
random walk,105,buyhold,-12.776223407260401,-0.5751413977107902,1.0
random walk,105,ma_crossover,-7.003238719217142,-0.47035423115869,0.44206008583690987
random walk,106,qlearn_fixed,0.0,,0.0
random walk,106,qlearn_kalman,-0.25241733019650825,-0.13086036548932076,0.017167381974248927
random walk,106,buyhold,-17.337310356187142,-0.7951491143980542,1.0
random walk,106,ma_crossover,-14.560276781935,-1.0885241451317198,0.45493562231759654
random walk,107,qlearn_fixed,1.2695630557394422,0.6677308727855523,0.012875536480686695
random walk,107,qlearn_kalman,0.0,,0.0
random walk,107,buyhold,12.179573817010493,0.7206876146679639,1.0
random walk,107,ma_crossover,11.106928787839298,0.8148698533460174,0.648068669527897
random walk,108,qlearn_fixed,-9.784231885300077,-0.9482704478729854,0.24892703862660945
random walk,108,qlearn_kalman,0.0,,0.0
random walk,108,buyhold,-5.758410728208241,-0.1905356145230785,1.0
random walk,108,ma_crossover,-9.031993235153745,-0.6271654035068776,0.49356223175965663
random walk,109,qlearn_fixed,0.0,,0.0
random walk,109,qlearn_kalman,-26.787729690880724,-4.000654891202138,0.13304721030042918
random walk,109,buyhold,10.423431557768325,0.5949616412357148,1.0
random walk,109,ma_crossover,5.111945451485034,0.418532846016975,0.592274678111588
random walk,110,qlearn_fixed,-1.8579736619772858,-0.2912684811943595,0.0815450643776824
random walk,110,qlearn_kalman,-0.14916885836515625,-0.049298350541809116,0.012875536480686695
random walk,110,buyhold,-20.58559707805522,-0.9627864617814993,1.0
random walk,110,ma_crossover,-14.505212878797003,-1.2461704042802972,0.33047210300429186
random walk,111,qlearn_fixed,0.0,,0.0
random walk,111,qlearn_kalman,0.0,,0.0
random walk,111,buyhold,56.463712164094474,2.251324191350468,1.0
random walk,111,ma_crossover,23.241471170691575,1.408878518515096,0.6566523605150214
random walk,112,qlearn_fixed,-3.6432564256713262,-0.508623625350485,0.08583690987124463
random walk,112,qlearn_kalman,-9.990206578647376,-1.7191271164212023,0.08583690987124463
random walk,112,buyhold,51.59157278952513,2.117296449773192,1.0
random walk,112,ma_crossover,44.10267055378361,2.3900789089996195,0.5793991416309013
random walk,113,qlearn_fixed,0.0,,0.0
random walk,113,qlearn_kalman,-12.954388123286542,-1.4746949118361488,0.2017167381974249
random walk,113,buyhold,-13.60294109390303,-0.6192726036655604,1.0
random walk,113,ma_crossover,-17.074444728061255,-1.5416080528525207,0.41201716738197425
random walk,114,qlearn_fixed,-0.8546257305527716,-0.06322994698945951,0.1072961373390558
random walk,114,qlearn_kalman,-9.391254539436822,-2.2038691827764443,0.03862660944206009
random walk,114,buyhold,-31.740364354153215,-1.648024446356069,1.0
random walk,114,ma_crossover,-11.119176224476524,-0.8571085473002803,0.2832618025751073
random walk,115,qlearn_fixed,0.0,,0.0
random walk,115,qlearn_kalman,0.0,,0.0
random walk,115,buyhold,-12.79839128030128,-0.586657952470565,1.0
random walk,115,ma_crossover,-5.427858645410211,-0.3406317890639446,0.49356223175965663
random walk,116,qlearn_fixed,0.0,,0.0
random walk,116,qlearn_kalman,0.0,,0.0
random walk,116,buyhold,-19.33628850626792,-0.8894351428755294,1.0
random walk,116,ma_crossover,-10.12732131927695,-0.7347405893134313,0.4034334763948498
random walk,117,qlearn_fixed,0.0,,0.0
random walk,117,qlearn_kalman,-3.8186953701102255,-0.9396639972543541,0.060085836909871244
random walk,117,buyhold,-6.575329795665208,-0.2241070436152359,1.0
random walk,117,ma_crossover,-10.195621194024685,-0.7431461553707724,0.4291845493562232
random walk,118,qlearn_fixed,0.0,,0.0
random walk,118,qlearn_kalman,0.0,,0.0
random walk,118,buyhold,39.18095001393809,1.6968459353557388,1.0
random walk,118,ma_crossover,18.858798101003682,1.1371214495241668,0.5793991416309013
random walk,119,qlearn_fixed,0.0,,0.0
random walk,119,qlearn_kalman,0.0,,0.0
random walk,119,buyhold,-7.883799569184302,-0.32986191701083867,1.0
random walk,119,ma_crossover,-10.296358648095838,-0.7622898761102098,0.5064377682403434
random walk,120,qlearn_fixed,-2.0827201533720974,-0.2716126600585436,0.11587982832618025
random walk,120,qlearn_kalman,-5.526642732235565,-1.180224003685216,0.06437768240343347
random walk,120,buyhold,-4.627801657090136,-0.12068731298585673,1.0
random walk,120,ma_crossover,-3.154580019500741,-0.13932236614490334,0.4248927038626609
random walk,121,qlearn_fixed,0.0,,0.0
random walk,121,qlearn_kalman,-5.7098278415138815,-1.0910435082156453,0.05150214592274678
random walk,121,buyhold,-12.624943877713902,-0.5175408434972288,1.0
random walk,121,ma_crossover,-10.633171400784002,-0.7950506095593732,0.3776824034334764
random walk,122,qlearn_fixed,0.0,,0.0
random walk,122,qlearn_kalman,-11.321698729223705,-0.9310817117161336,0.34763948497854075
random walk,122,buyhold,1.3603843912115998,0.17834836844531474,1.0
random walk,122,ma_crossover,-13.33602271005444,-0.8391834181972885,0.5064377682403434
random walk,123,qlearn_fixed,0.0,,0.0
random walk,123,qlearn_kalman,0.0,,0.0
random walk,123,buyhold,6.241784142241391,0.3976708622438203,1.0
random walk,123,ma_crossover,7.954684483396157,0.5509538365658384,0.6437768240343348
random walk,124,qlearn_fixed,2.5622199278970914,0.43301173822748995,0.15450643776824036
random walk,124,qlearn_kalman,0.0,,0.0
random walk,124,buyhold,10.630954969977457,0.6532649317587023,1.0
random walk,124,ma_crossover,9.99819779639537,0.7610763477339475,0.5879828326180258
random walk,125,qlearn_fixed,4.5141522505100395,0.5357326440235916,0.24892703862660945
random walk,125,qlearn_kalman,0.0,,0.0
random walk,125,buyhold,-18.34048493560091,-0.881609662965763,1.0
random walk,125,ma_crossover,-18.094799346425795,-1.6776295931224678,0.33905579399141633
random walk,126,qlearn_fixed,10.377494280675403,1.319929523561837,0.1072961373390558
random walk,126,qlearn_kalman,0.0,,0.0
random walk,126,buyhold,31.532164017028606,1.4479893816160643,1.0
random walk,126,ma_crossover,19.67495686466114,1.1874053592273826,0.6008583690987125
random walk,127,qlearn_fixed,0.0,,0.0
random walk,127,qlearn_kalman,0.0,,0.0
random walk,127,buyhold,35.09508643463133,1.6644163778968892,1.0
random walk,127,ma_crossover,29.253631786977973,1.759333587887414,0.6351931330472103
random walk,128,qlearn_fixed,-9.769667869412203,-1.3563913206413867,0.09871244635193133
random walk,128,qlearn_kalman,25.414331064669327,2.572658263860493,0.16738197424892703
random walk,128,buyhold,20.88223779426961,0.9957277805786796,1.0
random walk,128,ma_crossover,6.743080292998904,0.4894105032501515,0.5965665236051502
random walk,129,qlearn_fixed,0.0,,0.0
random walk,129,qlearn_kalman,0.0,,0.0
random walk,129,buyhold,10.164631322115447,0.5719323715068205,1.0
random walk,129,ma_crossover,-7.867614529153178,-0.41775141455902604,0.575107296137339
random walk,130,qlearn_fixed,-16.268581129507176,-2.0187027571271057,0.1459227467811159
random walk,130,qlearn_kalman,0.0,,0.0
random walk,130,buyhold,76.8512541102049,2.8394892447717233,1.0
random walk,130,ma_crossover,33.64186139815077,1.7443400453155697,0.7339055793991416
random walk,131,qlearn_fixed,0.0,,0.0
random walk,131,qlearn_kalman,0.0,,0.0
random walk,131,buyhold,-32.030913926732886,-1.97959733220254,1.0
random walk,131,ma_crossover,-15.940256465744419,-1.6375127575496617,0.27896995708154504
random walk,132,qlearn_fixed,0.0,,0.0
random walk,132,qlearn_kalman,-0.0828086611390888,0.022003901660332847,0.15021459227467812
random walk,132,buyhold,62.84025816406205,2.427381240623953,1.0
random walk,132,ma_crossover,33.18815111749889,1.735867144454392,0.7081545064377682
random walk,133,qlearn_fixed,-14.854409899063015,-2.6931658201234017,0.06866952789699571
random walk,133,qlearn_kalman,0.0,,0.0
random walk,133,buyhold,-14.718452088779156,-0.6315270539840981,1.0
random walk,133,ma_crossover,-4.20058494073432,-0.25165412732167675,0.4678111587982833
random walk,134,qlearn_fixed,0.0,,0.0
random walk,134,qlearn_kalman,0.0,,0.0
random walk,134,buyhold,-15.930184837767502,-0.7553081103325019,1.0
random walk,134,ma_crossover,-12.167392852260473,-0.8846978683913566,0.3948497854077253
random walk,135,qlearn_fixed,0.0,,0.0
random walk,135,qlearn_kalman,0.0,,0.0
random walk,135,buyhold,39.481453798007735,1.674838872749517,1.0
random walk,135,ma_crossover,14.443335720814133,0.8482587854529509,0.6738197424892703
random walk,136,qlearn_fixed,-5.84285906057721,-1.4955530848295322,0.03862660944206009
random walk,136,qlearn_kalman,0.10221248916160164,0.04818623473892549,0.02575107296137339
random walk,136,buyhold,-23.504413862519545,-1.2639778540268385,1.0
random walk,136,ma_crossover,-3.5813309378819214,-0.25562324123750885,0.3605150214592275
random walk,137,qlearn_fixed,1.4785653821522304,0.2513167613615084,0.05150214592274678
random walk,137,qlearn_kalman,0.0,,0.0
random walk,137,buyhold,-4.026526349251247,-0.059452147018145406,1.0
random walk,137,ma_crossover,-11.24825872968237,-0.6801085801917824,0.4978540772532189
random walk,138,qlearn_fixed,0.0,,0.0
random walk,138,qlearn_kalman,3.7211828140808922,0.3885346375787617,0.24892703862660945
random walk,138,buyhold,27.351509835684084,1.27641557599752,1.0
random walk,138,ma_crossover,17.299714422114263,1.1246462784977027,0.6351931330472103
random walk,139,qlearn_fixed,-1.2379381555310154,-0.24139673641581788,0.0815450643776824
random walk,139,qlearn_kalman,-3.0007862250482686,-0.49819206633076774,0.04291845493562232
random walk,139,buyhold,4.929430788518907,0.3399480650432617,1.0
random walk,139,ma_crossover,-1.7465206119581689,-0.0389537836841555,0.463519313304721
random walk,140,qlearn_fixed,-24.773979536476908,-3.141952591013389,0.22746781115879827
random walk,140,qlearn_kalman,-10.618291916087141,-1.4722132428313177,0.14163090128755365
random walk,140,buyhold,-0.8980393804485121,0.06062124205606968,1.0
random walk,140,ma_crossover,-9.870897460928397,-0.6236481252060077,0.5493562231759657
random walk,141,qlearn_fixed,-7.730352992935852,-0.9916297712282098,0.1759656652360515
random walk,141,qlearn_kalman,0.0,,0.0
random walk,141,buyhold,34.274428959193685,1.6132980616346897,1.0
random walk,141,ma_crossover,17.69899414355811,1.1219214456159958,0.6738197424892703
random walk,142,qlearn_fixed,-7.701723797519399,-1.3850003912114852,0.09012875536480687
random walk,142,qlearn_kalman,0.0,,0.0
random walk,142,buyhold,-23.272939544095216,-1.216763157130782,1.0
random walk,142,ma_crossover,-15.419725133273609,-1.3162914049636014,0.3905579399141631
random walk,143,qlearn_fixed,-9.697761652726221,-0.7752581440478823,0.2832618025751073
random walk,143,qlearn_kalman,0.0,,0.0
random walk,143,buyhold,29.140444472694416,1.3865032313465526,1.0
random walk,143,ma_crossover,16.524163516064316,1.104184498936489,0.575107296137339
random walk,144,qlearn_fixed,0.0,,0.0
random walk,144,qlearn_kalman,0.0,,0.0
random walk,144,buyhold,9.180521112238349,0.5384119006455332,1.0
random walk,144,ma_crossover,2.9416277994657625,0.26752279081311625,0.5622317596566524
random walk,145,qlearn_fixed,-8.696811625698675,-1.2141564920347676,0.12875536480686695
random walk,145,qlearn_kalman,-23.13129059493181,-3.3865173038589003,0.19742489270386265
random walk,145,buyhold,-8.606474968471712,-0.30663950591752936,1.0
random walk,145,ma_crossover,-14.931158719272064,-0.9284548227869918,0.43776824034334766
random walk,146,qlearn_fixed,-19.258914015002894,-2.2956244622023694,0.2017167381974249
random walk,146,qlearn_kalman,-10.094723620454527,-1.5317785936383952,0.12017167381974249
random walk,146,buyhold,48.55509297201064,2.2089823371281136,1.0
random walk,146,ma_crossover,45.42446192948453,2.467257903467992,0.6952789699570815
random walk,147,qlearn_fixed,-10.859021399061463,-0.8804014963574874,0.34334763948497854
random walk,147,qlearn_kalman,0.19782785634441247,0.16826706818110654,0.012875536480686695
random walk,147,buyhold,7.1509931252160985,0.46410956518180985,1.0
random walk,147,ma_crossover,9.348465500153512,0.7067912372490035,0.5836909871244635
random walk,148,qlearn_fixed,4.063480713979728,0.4825636822683216,0.13733905579399142
random walk,148,qlearn_kalman,0.0,,0.0
random walk,148,buyhold,9.757887080949601,0.5542870939687587,1.0
random walk,148,ma_crossover,-3.511748722889352,-0.1488544014876248,0.5622317596566524
random walk,149,qlearn_fixed,13.013757546877947,1.0258773372482908,0.2703862660944206
random walk,149,qlearn_kalman,0.0,,0.0
random walk,149,buyhold,52.93060514242634,2.2504867129271884,1.0
random walk,149,ma_crossover,35.69165399469269,1.9089434368182001,0.6866952789699571
momentum,0,qlearn_fixed,-8.614716775011445,-1.060333559316083,0.12446351931330472
momentum,0,qlearn_kalman,0.0,,0.0
momentum,0,buyhold,-20.78189882754299,-1.0200846366851422,1.0
momentum,0,ma_crossover,-15.383028635064411,-1.1830091451101454,0.45064377682403434
momentum,1,qlearn_fixed,-2.528367917357166,-0.7495123782439839,0.02145922746781116
momentum,1,qlearn_kalman,-3.2257910311807136,-0.5051645417072878,0.060085836909871244
momentum,1,buyhold,-48.563592104072704,-2.752729985063213,1.0
momentum,1,ma_crossover,-9.849826254969308,-0.7018663651097069,0.31759656652360513
momentum,2,qlearn_fixed,-19.859229253541955,-1.9156943004878668,0.2703862660944206
momentum,2,qlearn_kalman,-7.158326521283021,-0.8014861907566747,0.09871244635193133
momentum,2,buyhold,-6.814143249025473,-0.2166062719938641,1.0
momentum,2,ma_crossover,-16.94248074808368,-1.1811956953352205,0.5150214592274678
momentum,3,qlearn_fixed,-13.18682584768538,-1.7020468050769935,0.14163090128755365
momentum,3,qlearn_kalman,-17.74718400186287,-1.646752854640213,0.30042918454935624
momentum,3,buyhold,-6.499261088674791,-0.2061766101649894,1.0
momentum,3,ma_crossover,-2.706853411211463,-0.12434746183368084,0.44635193133047213
momentum,4,qlearn_fixed,0.0,,0.0
momentum,4,qlearn_kalman,0.0,,0.0
momentum,4,buyhold,-3.147723552586912,-0.03395410480709268,1.0
momentum,4,ma_crossover,-26.29977625611062,-1.8442185372026882,0.5321888412017167
momentum,5,qlearn_fixed,-9.549373239448201,-1.4856721250811662,0.14163090128755365
momentum,5,qlearn_kalman,0.0,,0.0
momentum,5,buyhold,12.147061976999307,0.666212813992031,1.0
momentum,5,ma_crossover,20.647634475729994,1.245539053143759,0.5579399141630901
momentum,6,qlearn_fixed,2.20868184351104,0.7041221519130032,0.02575107296137339
momentum,6,qlearn_kalman,0.0,,0.0
momentum,6,buyhold,-2.8894048598381183,-0.052413210151652984,1.0
momentum,6,ma_crossover,-15.764478737159148,-1.155702671669181,0.4206008583690987
momentum,7,qlearn_fixed,4.572839315577748,0.4677719412726799,0.2532188841201717
momentum,7,qlearn_kalman,2.860853256180329,0.5227301946405585,0.034334763948497854
momentum,7,buyhold,-4.985109402578514,-0.12595278349130684,1.0
momentum,7,ma_crossover,0.007835380030352113,0.07518843692246258,0.5107296137339056
momentum,8,qlearn_fixed,0.0,,0.0
momentum,8,qlearn_kalman,0.1648566836719434,0.4926311465343239,0.004291845493562232
momentum,8,buyhold,-24.119931755087055,-1.1168212788875584,1.0
momentum,8,ma_crossover,13.268774242974391,0.9324392427152001,0.3648068669527897
momentum,9,qlearn_fixed,-1.1055266675831343,-0.32504833088445,0.060085836909871244
momentum,9,qlearn_kalman,-14.845874254075465,-1.9703735455877045,0.19742489270386265
momentum,9,buyhold,-5.433419346080671,-0.20313631450509653,1.0
momentum,9,ma_crossover,-5.74257104184931,-0.42921282955109147,0.41630901287553645
momentum,10,qlearn_fixed,8.76522517603373,0.7359094700915936,0.3218884120171674
momentum,10,qlearn_kalman,9.945404594278195,1.2284651496228018,0.1759656652360515
momentum,10,buyhold,-23.46751480591207,-1.1701970739167953,1.0
momentum,10,ma_crossover,-3.761274821480054,-0.23215555511934913,0.4248927038626609
momentum,11,qlearn_fixed,-13.03108642527655,-1.0741015922794466,0.3090128755364807
momentum,11,qlearn_kalman,-12.485682225872985,-1.8837522459630716,0.12017167381974249
momentum,11,buyhold,-11.361949487851664,-0.43010473401060423,1.0
momentum,11,ma_crossover,5.055802598433323,0.42104122613953243,0.37339055793991416
momentum,12,qlearn_fixed,0.0,,0.0
momentum,12,qlearn_kalman,-7.031039520482896,-1.5067900988642629,0.05150214592274678
momentum,12,buyhold,-20.064572165919394,-0.9876548612985686,1.0
momentum,12,ma_crossover,-3.001707561534883,-0.16173158112535047,0.41201716738197425
momentum,13,qlearn_fixed,0.0,,0.0
momentum,13,qlearn_kalman,0.0,,0.0
momentum,13,buyhold,20.892831525546395,1.0662784709534432,1.0
momentum,13,ma_crossover,-4.316145145595584,-0.20763460127819067,0.6351931330472103
momentum,14,qlearn_fixed,0.0,,0.0
momentum,14,qlearn_kalman,0.0,,0.0
momentum,14,buyhold,-33.24564328207289,-1.8123473878912253,1.0
momentum,14,ma_crossover,-17.464601426710935,-1.3225973876195793,0.38197424892703863
momentum,15,qlearn_fixed,-13.627048149863619,-2.699074708043153,0.09871244635193133
momentum,15,qlearn_kalman,0.0,,0.0
momentum,15,buyhold,15.278278483022522,0.8604884389405151,1.0
momentum,15,ma_crossover,-6.163439359360179,-0.3544659096365788,0.5836909871244635
momentum,16,qlearn_fixed,6.4959519045890035,0.9525003394958903,0.13304721030042918
momentum,16,qlearn_kalman,-7.7343632241914655,-1.4750038536697523,0.060085836909871244
momentum,16,buyhold,11.710424209323422,0.6901282433702395,1.0
momentum,16,ma_crossover,-7.205320380506086,-0.49077034969935457,0.575107296137339
momentum,17,qlearn_fixed,0.12886009149923883,0.05378428245156958,0.08583690987124463
momentum,17,qlearn_kalman,-12.414250188419762,-2.1747763893626275,0.12017167381974249
momentum,17,buyhold,10.764678845844466,0.6108173960053456,1.0
momentum,17,ma_crossover,-16.136443975107863,-1.1902917424083002,0.5321888412017167
momentum,18,qlearn_fixed,12.922897335866246,1.3078692859317858,0.18454935622317598
momentum,18,qlearn_kalman,0.0,,0.0
momentum,18,buyhold,-35.26362094237805,-2.0453164014343708,1.0
momentum,18,ma_crossover,-18.64503895206576,-1.602836373825204,0.31759656652360513
momentum,19,qlearn_fixed,0.0,,0.0
momentum,19,qlearn_kalman,0.0,,0.0
momentum,19,buyhold,-34.89998462587268,-2.19343138830887,1.0
momentum,19,ma_crossover,-25.638238938166534,-2.5764134406503367,0.30472103004291845
momentum,20,qlearn_fixed,-4.363951051483306,-0.3611659667717155,0.2703862660944206
momentum,20,qlearn_kalman,-3.1258289689497953,-0.30053666269928087,0.19313304721030042
momentum,20,buyhold,25.798460643403452,1.2344321036541486,1.0
momentum,20,ma_crossover,10.601481823420556,0.7648726326701386,0.5879828326180258
momentum,21,qlearn_fixed,-22.253244335153443,-2.5837880146661107,0.27467811158798283
momentum,21,qlearn_kalman,-16.08568502589055,-2.8183468618382324,0.12875536480686695
momentum,21,buyhold,54.143576547449456,2.225379285590542,1.0
momentum,21,ma_crossover,19.729683275555555,1.166767107225788,0.7339055793991416
momentum,22,qlearn_fixed,5.129734678962583,0.7383073552751432,0.1072961373390558
momentum,22,qlearn_kalman,0.0,,0.0
momentum,22,buyhold,-35.808246942374765,-1.9355365824360715,1.0
momentum,22,ma_crossover,-25.758863165859168,-2.0987371100728303,0.33476394849785407
momentum,23,qlearn_fixed,0.0,,0.0
momentum,23,qlearn_kalman,0.0,,0.0
momentum,23,buyhold,-6.952963581731108,-0.24198396557863058,1.0
momentum,23,ma_crossover,-17.60317179635592,-1.3387251963525204,0.47639484978540775
momentum,24,qlearn_fixed,0.0,,0.0
momentum,24,qlearn_kalman,-20.00283866669401,-2.5766273482823996,0.16738197424892703
momentum,24,buyhold,15.209902687955923,0.8098325688675256,1.0
momentum,24,ma_crossover,12.544129827072226,0.8283878623384411,0.6394849785407726
momentum,25,qlearn_fixed,0.5886571329089874,0.1778607061938488,0.04291845493562232
momentum,25,qlearn_kalman,0.0,,0.0
momentum,25,buyhold,-5.149701058358236,-0.15780250251461542,1.0
momentum,25,ma_crossover,12.055028346376506,0.8680869862370936,0.5150214592274678
momentum,26,qlearn_fixed,-40.04194366985517,-3.857500167212866,0.4034334763948498
momentum,26,qlearn_kalman,0.09496134200868145,0.0483107305280912,0.06866952789699571
momentum,26,buyhold,-36.98364409997591,-1.9887701351376998,1.0
momentum,26,ma_crossover,-19.063828612137257,-1.6307776369147011,0.2446351931330472
momentum,27,qlearn_fixed,0.0,,0.0
momentum,27,qlearn_kalman,0.0,,0.0
momentum,27,buyhold,49.271214246098125,2.0230921893006677,1.0
momentum,27,ma_crossover,29.004320165416985,1.594366316073202,0.6351931330472103
momentum,28,qlearn_fixed,0.0,,0.0
momentum,28,qlearn_kalman,0.772734233992467,0.26275204256471946,0.02575107296137339
momentum,28,buyhold,-11.632305798371478,-0.43502371070162904,1.0
momentum,28,ma_crossover,-8.117432682112835,-0.4761410038369502,0.49356223175965663
momentum,29,qlearn_fixed,0.0,,0.0
momentum,29,qlearn_kalman,2.711473538229736,0.33149672211213854,0.2017167381974249
momentum,29,buyhold,-30.60682534998975,-1.6451476303173647,1.0
momentum,29,ma_crossover,-7.366238001450842,-0.555791688665725,0.3905579399141631
momentum,30,qlearn_fixed,-8.344221630700478,-1.8762383697362868,0.08583690987124463
momentum,30,qlearn_kalman,0.0,,0.0
momentum,30,buyhold,6.05996830146065,0.4028671907869982,1.0
momentum,30,ma_crossover,1.0021494226070793,0.14786565358832485,0.45064377682403434
momentum,31,qlearn_fixed,-22.23751263696232,-1.520245040989124,0.4892703862660944
momentum,31,qlearn_kalman,4.46330552800529,1.0410523264062619,0.030042918454935622
momentum,31,buyhold,-12.961861064453684,-0.49548592805420105,1.0
momentum,31,ma_crossover,-15.437220452494804,-1.0697707098069016,0.4892703862660944
momentum,32,qlearn_fixed,2.3970392201892343,0.5155907695559305,0.06437768240343347
momentum,32,qlearn_kalman,-6.416590431655111,-0.7340197465565269,0.0815450643776824
momentum,32,buyhold,-3.059108466684135,-0.04310045432364106,1.0
momentum,32,ma_crossover,-16.205112466211247,-1.1265791809181205,0.5450643776824035
momentum,33,qlearn_fixed,-21.058275845422493,-1.2224596964911425,0.630901287553648
momentum,33,qlearn_kalman,-13.508012514832512,-1.7041225715677457,0.1459227467811159
momentum,33,buyhold,-32.47316368823579,-1.68410956788429,1.0
momentum,33,ma_crossover,-23.30960551966763,-1.9299514236504574,0.40772532188841204
momentum,34,qlearn_fixed,-10.19453896888789,-1.1959961282763738,0.18025751072961374
momentum,34,qlearn_kalman,3.2276550995992137,0.4819980992588305,0.15879828326180256
momentum,34,buyhold,-14.992656328447062,-0.7972718435242361,1.0
momentum,34,ma_crossover,-22.772848817828162,-2.3735303850249667,0.3605150214592275
momentum,35,qlearn_fixed,-3.8420354125122236,-0.730580353135886,0.060085836909871244
momentum,35,qlearn_kalman,-11.920121792969262,-1.687203034912024,0.12017167381974249
momentum,35,buyhold,23.280206769789523,1.1784812896812484,1.0
momentum,35,ma_crossover,1.8055307173098,0.2037357734892519,0.5064377682403434
momentum,36,qlearn_fixed,0.0,,0.0
momentum,36,qlearn_kalman,0.0,,0.0
momentum,36,buyhold,19.162334932521794,0.9918102587318894,1.0
momentum,36,ma_crossover,22.31873335994823,1.41245658239544,0.51931330472103
momentum,37,qlearn_fixed,10.027856520832978,1.430289880823527,0.16738197424892703
momentum,37,qlearn_kalman,0.4345862021126967,0.14319569805219529,0.02575107296137339
momentum,37,buyhold,-29.096556252629536,-1.5183918286541773,1.0
momentum,37,ma_crossover,-8.344255586436711,-0.6306930239087597,0.34334763948497854
momentum,38,qlearn_fixed,0.0,,0.0
momentum,38,qlearn_kalman,0.0,,0.0
momentum,38,buyhold,-8.917572129988482,-0.3837973233295412,1.0
momentum,38,ma_crossover,-16.882100343590068,-1.6669237204016867,0.36909871244635195
momentum,39,qlearn_fixed,0.0,,0.0
momentum,39,qlearn_kalman,0.0,,0.0
momentum,39,buyhold,-11.917465411391937,-0.46883258106964615,1.0
momentum,39,ma_crossover,3.274357753989543,0.29775260813532434,0.40772532188841204
momentum,40,qlearn_fixed,0.0,,0.0
momentum,40,qlearn_kalman,-0.8781410039021886,-0.3228203533247735,0.030042918454935622
momentum,40,buyhold,-25.888627331992218,-1.3273956594051997,1.0
momentum,40,ma_crossover,-14.537632766825737,-1.3030774028734688,0.3218884120171674
momentum,41,qlearn_fixed,-2.314833034626007,-0.24974831613374432,0.1072961373390558
momentum,41,qlearn_kalman,-7.158560937946734,-0.9501939732433233,0.09871244635193133
momentum,41,buyhold,13.136097948162885,0.6814424787643216,1.0
momentum,41,ma_crossover,-5.86746003608506,-0.2974584138102419,0.5236051502145923
momentum,42,qlearn_fixed,-0.4412450492898401,-0.07993311454594867,0.055793991416309016
momentum,42,qlearn_kalman,0.0,,0.0
momentum,42,buyhold,-20.925351893735467,-0.9783248690639311,1.0
momentum,42,ma_crossover,-8.104643945840573,-0.6675038052880293,0.31759656652360513
momentum,43,qlearn_fixed,-3.0427296923374203,-0.3193694235875173,0.1459227467811159
momentum,43,qlearn_kalman,0.0,,0.0
momentum,43,buyhold,7.193983089642475,0.43168295585775857,1.0
momentum,43,ma_crossover,23.399398737804123,1.3113896251209183,0.5021459227467812
momentum,44,qlearn_fixed,1.6914110957484185,0.28961536314407554,0.14163090128755365
momentum,44,qlearn_kalman,0.0,,0.0
momentum,44,buyhold,44.24373110301958,1.836127599195562,1.0
momentum,44,ma_crossover,24.725697262915002,1.3217520206376963,0.6523605150214592
momentum,45,qlearn_fixed,-8.05926533997704,-1.516007707053434,0.06437768240343347
momentum,45,qlearn_kalman,-10.573225597721214,-1.5691787079926072,0.11587982832618025
momentum,45,buyhold,-6.5670768542627105,-0.219766727623494,1.0
momentum,45,ma_crossover,18.305994383738856,1.220792839369794,0.5150214592274678
momentum,46,qlearn_fixed,-3.1030704985345325,-0.4375949144181302,0.11158798283261803
momentum,46,qlearn_kalman,0.0,,0.0
momentum,46,buyhold,2.050170280775321,0.21080728505177987,1.0
momentum,46,ma_crossover,-26.06173418497547,-1.9399190215212123,0.4978540772532189
momentum,47,qlearn_fixed,-0.16886942323831589,-0.007264045993978469,0.0815450643776824
momentum,47,qlearn_kalman,0.0,,0.0
momentum,47,buyhold,-35.6873789630619,-2.122921258758449,1.0
momentum,47,ma_crossover,-27.78672710281199,-2.9420467712931395,0.2918454935622318
momentum,48,qlearn_fixed,0.0,,0.0
momentum,48,qlearn_kalman,-6.929807588799186,-1.2829423268181075,0.09012875536480687
momentum,48,buyhold,14.385540208500892,0.7896248597726028,1.0
momentum,48,ma_crossover,-4.561280997602813,-0.23366647157358067,0.5579399141630901
momentum,49,qlearn_fixed,23.743883860213067,1.2623026331490057,0.8068669527896996
momentum,49,qlearn_kalman,0.0,,0.0
momentum,49,buyhold,19.73604770358626,0.9328301733092295,1.0
momentum,49,ma_crossover,3.526655587845906,0.295960701425241,0.5879828326180258
momentum,50,qlearn_fixed,12.898361337814656,1.6505220682947344,0.15879828326180256
momentum,50,qlearn_kalman,0.0,,0.0
momentum,50,buyhold,24.252689098408077,1.185312133958688,1.0
momentum,50,ma_crossover,-5.717108159743756,-0.251871075866304,0.6351931330472103
momentum,51,qlearn_fixed,-13.896960316223538,-1.4682691440452316,0.1759656652360515
momentum,51,qlearn_kalman,0.0,,0.0
momentum,51,buyhold,6.983530865594312,0.4367506474598507,1.0
momentum,51,ma_crossover,-14.950529508199828,-0.9429301912546421,0.44635193133047213
momentum,52,qlearn_fixed,0.0,,0.0
momentum,52,qlearn_kalman,0.0,,0.0
momentum,52,buyhold,-9.158015581074375,-0.3495655862240631,1.0
momentum,52,ma_crossover,-16.5118225993784,-1.1374940380974683,0.4592274678111588
momentum,53,qlearn_fixed,1.4861432450296475,0.21384949254403154,0.17167381974248927
momentum,53,qlearn_kalman,-4.2831695595622605,-1.5124864684691621,0.02145922746781116
momentum,53,buyhold,-29.265600649438884,-1.4766858324285583,1.0
momentum,53,ma_crossover,-13.135379274123082,-1.1202209221020965,0.30042918454935624
momentum,54,qlearn_fixed,-21.241844193022597,-2.130917720388054,0.2832618025751073
momentum,54,qlearn_kalman,0.0,,0.0
momentum,54,buyhold,-26.798264996790465,-1.4359971232672237,1.0
momentum,54,ma_crossover,-3.3957021094342954,-0.20721696242975596,0.41201716738197425
momentum,55,qlearn_fixed,-3.4369915961992348,-0.4239410958054654,0.13304721030042918
momentum,55,qlearn_kalman,-14.842231293360875,-2.786083679385559,0.09871244635193133
momentum,55,buyhold,-7.869987305289761,-0.2762832196630546,1.0
momentum,55,ma_crossover,-18.720555074572598,-1.5136827137947046,0.3905579399141631
momentum,56,qlearn_fixed,3.3964822942815553,0.3131654581567872,0.43776824034334766
momentum,56,qlearn_kalman,4.105658158283365,0.9588105988417212,0.06866952789699571
momentum,56,buyhold,-15.073814614392022,-0.6728374020131738,1.0
momentum,56,ma_crossover,-1.3425225915707717,-0.01810822175388523,0.38197424892703863
momentum,57,qlearn_fixed,-5.4072195786891815,-0.24974667564004502,0.6008583690987125
momentum,57,qlearn_kalman,0.0,,0.0
momentum,57,buyhold,17.01940854838455,0.8602053342318293,1.0
momentum,57,ma_crossover,-15.374225677338693,-1.0013459476079403,0.5493562231759657
momentum,58,qlearn_fixed,0.0,,0.0
momentum,58,qlearn_kalman,-6.009257617067531,-1.112030089285127,0.0944206008583691
momentum,58,buyhold,24.03899069037825,1.1558761270243845,1.0
momentum,58,ma_crossover,4.179668513637114,0.3402584049033101,0.5793991416309013
momentum,59,qlearn_fixed,-2.5227258566091537,-0.8665414701761577,0.04721030042918455
momentum,59,qlearn_kalman,-2.078907222233861,-0.542821467159801,0.0944206008583691
momentum,59,buyhold,-27.791419680824337,-1.5760751409676352,1.0
momentum,59,ma_crossover,-12.985558405178931,-1.1086937816169888,0.33047210300429186
momentum,60,qlearn_fixed,8.72452962429644,0.8154493301625031,0.2017167381974249
momentum,60,qlearn_kalman,-2.5720220048131237,-0.5701181039135135,0.034334763948497854
momentum,60,buyhold,-17.38773079733562,-0.730656123726514,1.0
momentum,60,ma_crossover,-18.286748862826695,-1.3712820473027423,0.36909871244635195
momentum,61,qlearn_fixed,-2.277780419287856,-0.22892592126565645,0.17167381974248927
momentum,61,qlearn_kalman,-0.13002797647887476,-0.003286552303578429,0.07725321888412018
momentum,61,buyhold,-22.424601500050876,-1.1242868528589227,1.0
momentum,61,ma_crossover,19.74216746063291,1.4960793041776284,0.3605150214592275
momentum,62,qlearn_fixed,-11.739887350008738,-1.6188612759230925,0.0944206008583691
momentum,62,qlearn_kalman,-11.36518808751853,-1.6793379276912284,0.1459227467811159
momentum,62,buyhold,32.941580779067706,1.5646906066451232,1.0
momentum,62,ma_crossover,18.292204705986848,1.1119749389634088,0.6609442060085837
momentum,63,qlearn_fixed,-12.575640059337069,-1.2265090984572915,0.23605150214592274
momentum,63,qlearn_kalman,-4.645467059119735,-0.5716364935774315,0.1072961373390558
momentum,63,buyhold,-36.987111609501014,-1.9106162391543662,1.0
momentum,63,ma_crossover,-9.99287471012873,-0.6006306190032698,0.34334763948497854
momentum,64,qlearn_fixed,-24.926527779077645,-2.9547904523103963,0.21888412017167383
momentum,64,qlearn_kalman,0.0,,0.0
momentum,64,buyhold,-31.948056222278552,-1.8061207572295461,1.0
momentum,64,ma_crossover,-18.08419621860319,-1.4377395753982911,0.39914163090128757
momentum,65,qlearn_fixed,-9.914373905284313,-1.201179402241798,0.1630901287553648
momentum,65,qlearn_kalman,-7.299278808905485,-0.9701898721448927,0.09871244635193133
momentum,65,buyhold,38.71621511481722,1.6162609980319422,1.0
momentum,65,ma_crossover,15.959965003761711,0.9439622333770873,0.6995708154506438
momentum,66,qlearn_fixed,0.0,,0.0
momentum,66,qlearn_kalman,-8.042043814002763,-1.6119473064074743,0.060085836909871244
momentum,66,buyhold,-9.312562518021327,-0.3945039651606911,1.0
momentum,66,ma_crossover,-11.638098421549314,-0.9217248423330678,0.3776824034334764
momentum,67,qlearn_fixed,-8.957228255665427,-1.0832709492417292,0.24034334763948498
momentum,67,qlearn_kalman,-4.990272849034094,-0.6745242970500273,0.15021459227467812
momentum,67,buyhold,-11.440192490007295,-0.4766139470905726,1.0
momentum,67,ma_crossover,-2.9696474090875613,-0.13304022975927923,0.5278969957081545
momentum,68,qlearn_fixed,-9.461391598370572,-0.47873127300654045,0.6094420600858369
momentum,68,qlearn_kalman,2.873193928682438,0.9222598058918677,0.034334763948497854
momentum,68,buyhold,9.445047925466788,0.532188676220061,1.0
momentum,68,ma_crossover,1.5098577416163605,0.18014466079028954,0.575107296137339
momentum,69,qlearn_fixed,-2.0697781467423626,-0.2987686172569938,0.07725321888412018
momentum,69,qlearn_kalman,-17.344933887542613,-2.3621520269699317,0.09871244635193133
momentum,69,buyhold,-8.803407869378631,-0.3329831094890518,1.0
momentum,69,ma_crossover,-11.579746443616424,-0.9073482507396986,0.4248927038626609
momentum,70,qlearn_fixed,0.0,,0.0
momentum,70,qlearn_kalman,0.0,,0.0
momentum,70,buyhold,6.960589385559812,0.4387824418344888,1.0
momentum,70,ma_crossover,20.451495414214293,1.2540575328964445,0.5364806866952789
momentum,71,qlearn_fixed,-3.83898614367828,-0.3662662909066936,0.2145922746781116
momentum,71,qlearn_kalman,-5.295127214812623,-0.9823242346809334,0.04721030042918455
momentum,71,buyhold,-8.398283553350272,-0.33641513436976933,1.0
momentum,71,ma_crossover,6.127603652266034,0.5033180772637299,0.4678111587982833
momentum,72,qlearn_fixed,-10.389742750111008,-0.9835380099997709,0.24892703862660945
momentum,72,qlearn_kalman,0.0,,0.0
momentum,72,buyhold,21.353609751553915,1.0258378227324143,1.0
momentum,72,ma_crossover,1.6458518078050766,0.187857940705209,0.6523605150214592
momentum,73,qlearn_fixed,-2.622509567532705,-0.3149744471727436,0.18025751072961374
momentum,73,qlearn_kalman,0.0,,0.0
momentum,73,buyhold,-7.664925836536229,-0.31714759277393345,1.0
momentum,73,ma_crossover,-10.274213187910453,-0.7589753778647607,0.4592274678111588
momentum,74,qlearn_fixed,-14.253688172801294,-1.0009227651046524,0.4892703862660944
momentum,74,qlearn_kalman,0.0,,0.0
momentum,74,buyhold,-9.239535865334702,-0.35579151496576067,1.0
momentum,74,ma_crossover,-4.493519194963779,-0.23618028606501593,0.40772532188841204
momentum,75,qlearn_fixed,-6.615345516142035,-1.0880248188521373,0.06437768240343347
momentum,75,qlearn_kalman,-13.288911841013284,-1.68945993224064,0.11158798283261803
momentum,75,buyhold,25.575143358446507,1.103806845154996,1.0
momentum,75,ma_crossover,13.915792268016558,0.9202203158435015,0.5407725321888412
momentum,76,qlearn_fixed,0.0,,0.0
momentum,76,qlearn_kalman,-11.24874004293691,-2.7284007267947534,0.03862660944206009
momentum,76,buyhold,7.237839504491483,0.45303830054101724,1.0
momentum,76,ma_crossover,4.908115202867291,0.3892962727649228,0.5836909871244635
momentum,77,qlearn_fixed,11.516008292387747,1.3211557108990652,0.14163090128755365
momentum,77,qlearn_kalman,-9.992513656252067,-1.6703672554979432,0.060085836909871244
momentum,77,buyhold,22.156914288393548,1.0290269242263117,1.0
momentum,77,ma_crossover,31.97768534488523,1.9033373540809022,0.5493562231759657
momentum,78,qlearn_fixed,-5.267081616489644,-0.7130592358502131,0.1459227467811159
momentum,78,qlearn_kalman,-3.040839297944875,-0.8415230568266385,0.02575107296137339
momentum,78,buyhold,-32.85391648871291,-1.9849643584905277,1.0
momentum,78,ma_crossover,-18.170312293098647,-1.751991927021118,0.3562231759656652
momentum,79,qlearn_fixed,0.0,,0.0
momentum,79,qlearn_kalman,0.0,,0.0
momentum,79,buyhold,-12.888533789569056,-0.4995638526638648,1.0
momentum,79,ma_crossover,-1.9192788207718747,-0.05392714248977903,0.463519313304721
momentum,80,qlearn_fixed,-11.74251377955775,-2.172902175545067,0.060085836909871244
momentum,80,qlearn_kalman,-1.7589495197651184,-0.29881776915317776,0.06437768240343347
momentum,80,buyhold,-12.187171860284774,-0.5451425735577828,1.0
momentum,80,ma_crossover,0.6133229389809092,0.11793733044179164,0.4334763948497854
momentum,81,qlearn_fixed,-0.4132818109629066,0.030056098659876386,0.4034334763948498
momentum,81,qlearn_kalman,0.0,,0.0
momentum,81,buyhold,-11.56433920783746,-0.5044352428210855,1.0
momentum,81,ma_crossover,-4.08115297245637,-0.24894948741261919,0.43776824034334766
momentum,82,qlearn_fixed,-14.496091803800038,-1.7065343378431084,0.22746781115879827
momentum,82,qlearn_kalman,0.0,,0.0
momentum,82,buyhold,18.06357143014605,1.0153732762331527,1.0
momentum,82,ma_crossover,0.0432602765443546,0.07687840720443424,0.5708154506437768
momentum,83,qlearn_fixed,-7.929029471925464,-1.4402901865854638,0.055793991416309016
momentum,83,qlearn_kalman,0.0,,0.0
momentum,83,buyhold,-23.19660678417692,-1.1983381060779787,1.0
momentum,83,ma_crossover,3.758555743444636,0.3443838106191915,0.47639484978540775
momentum,84,qlearn_fixed,0.0,,0.0
momentum,84,qlearn_kalman,0.0,,0.0
momentum,84,buyhold,-19.454686573818492,-0.9010218666426574,1.0
momentum,84,ma_crossover,1.4336598934852285,0.1769657789800048,0.351931330472103
momentum,85,qlearn_fixed,-7.168611609584341,-0.8166084760104818,0.12017167381974249
momentum,85,qlearn_kalman,-7.194360264090161,-1.216158776706041,0.07296137339055794
momentum,85,buyhold,4.213853800674561,0.3142777370250166,1.0
momentum,85,ma_crossover,1.242630172566872,0.16375248241407855,0.5107296137339056
momentum,86,qlearn_fixed,1.3834536564519828,0.2471882533718377,0.09012875536480687
momentum,86,qlearn_kalman,-13.996895090300809,-2.060251190598225,0.12446351931330472
momentum,86,buyhold,37.337269392629224,1.6292626556396712,1.0
momentum,86,ma_crossover,8.229636205704939,0.5984161116088256,0.5450643776824035
momentum,87,qlearn_fixed,0.0,,0.0
momentum,87,qlearn_kalman,-3.3611170425828507,-0.4124537198312034,0.1630901287553648
momentum,87,buyhold,73.34139746637562,2.693138055962198,1.0
momentum,87,ma_crossover,35.89868286314446,1.8366684629469208,0.721030042918455
momentum,88,qlearn_fixed,-11.103270355046291,-2.304093117643452,0.10300429184549356
momentum,88,qlearn_kalman,0.0,,0.0
momentum,88,buyhold,11.42512954353252,0.6450983936909293,1.0
momentum,88,ma_crossover,-4.032084809661618,-0.19922223008284998,0.5793991416309013
momentum,89,qlearn_fixed,-7.108321050871957,-1.5803152026432987,0.03862660944206009
momentum,89,qlearn_kalman,-6.255350306137264,-0.9320903387791413,0.07725321888412018
momentum,89,buyhold,-25.987573744687353,-1.3472183725106364,1.0
momentum,89,ma_crossover,-22.860215747119316,-2.325418846764334,0.3133047210300429
momentum,90,qlearn_fixed,-7.009257731331841,-1.0496322504203015,0.09012875536480687
momentum,90,qlearn_kalman,-4.0659868862232385,-0.8077992095745684,0.060085836909871244
momentum,90,buyhold,-34.31159303754867,-1.9584617710986232,1.0
momentum,90,ma_crossover,-14.177437550533757,-1.3359569572248018,0.3218884120171674
momentum,91,qlearn_fixed,-6.613839698821056,-0.5973430443147304,0.3090128755364807
momentum,91,qlearn_kalman,-4.181793475797601,-1.4526759866041354,0.05150214592274678
momentum,91,buyhold,24.467551901850946,1.2108058857908366,1.0
momentum,91,ma_crossover,-4.917556874219143,-0.26593747237105037,0.5965665236051502
momentum,92,qlearn_fixed,0.0,,0.0
momentum,92,qlearn_kalman,-11.873699860385079,-1.935195363420995,0.09012875536480687
momentum,92,buyhold,-2.1704469600916987,-0.004629704183189171,1.0
momentum,92,ma_crossover,-7.188146047766908,-0.46481377325444256,0.4892703862660944
momentum,93,qlearn_fixed,-19.152937587657238,-2.3865438096545253,0.17167381974248927
momentum,93,qlearn_kalman,-5.725590591559204,-0.6333794416706081,0.15450643776824036
momentum,93,buyhold,-29.476033585988514,-1.6049440212325876,1.0
momentum,93,ma_crossover,-18.32127453416188,-1.7273527599073712,0.33905579399141633
momentum,94,qlearn_fixed,0.0,,0.0
momentum,94,qlearn_kalman,0.0,,0.0
momentum,94,buyhold,24.861081616966697,1.209259205665347,1.0
momentum,94,ma_crossover,16.198754299742202,1.0073660139536118,0.6180257510729614
momentum,95,qlearn_fixed,-10.550874783500962,-1.4796930602204168,0.14163090128755365
momentum,95,qlearn_kalman,0.0,,0.0
momentum,95,buyhold,-9.30918765997838,-0.36853378735795017,1.0
momentum,95,ma_crossover,19.534823751770823,1.4075455217083765,0.4248927038626609
momentum,96,qlearn_fixed,0.0,,0.0
momentum,96,qlearn_kalman,0.0,,0.0
momentum,96,buyhold,-7.6183204719335045,-0.3129480885214393,1.0
momentum,96,ma_crossover,12.180372413139938,0.9074122065568826,0.49356223175965663
momentum,97,qlearn_fixed,-15.413032396939707,-1.592467979861325,0.1888412017167382
momentum,97,qlearn_kalman,-4.304741446951088,-0.7200308797363723,0.07725321888412018
momentum,97,buyhold,-0.46389660506224173,0.08768699749461104,1.0
momentum,97,ma_crossover,-5.673175186318991,-0.330497150720713,0.4892703862660944
momentum,98,qlearn_fixed,2.1798987869038555,0.22534802341150909,0.5536480686695279
momentum,98,qlearn_kalman,-26.14027755271291,-3.2021620439019913,0.20600858369098712
momentum,98,buyhold,67.05203602304728,2.6635005444035618,1.0
momentum,98,ma_crossover,44.224465430723555,2.1860422463169207,0.6824034334763949
momentum,99,qlearn_fixed,12.654114684739938,2.0478195184814085,0.11587982832618025
momentum,99,qlearn_kalman,-0.6059960805432918,-0.10775871656676178,0.04721030042918455
momentum,99,buyhold,4.21833496308901,0.3116876330814475,1.0
momentum,99,ma_crossover,2.445911736911799,0.24576489567609988,0.5708154506437768
momentum,100,qlearn_fixed,-19.551785706609117,-2.59003642473306,0.13733905579399142
momentum,100,qlearn_kalman,-16.520660942108066,-1.785968467767895,0.23605150214592274
momentum,100,buyhold,-2.6547143244752824,-0.014736467626699154,1.0
momentum,100,ma_crossover,-10.421269679655133,-0.6495835972615098,0.48068669527896996
momentum,101,qlearn_fixed,-7.324329155505616,-0.614929863824463,0.31759656652360513
momentum,101,qlearn_kalman,-14.869934584031563,-1.4536212231975358,0.2575107296137339
momentum,101,buyhold,-26.123403413594993,-1.2539887121289428,1.0
momentum,101,ma_crossover,-16.426170095713278,-1.393665617938999,0.3090128755364807
momentum,102,qlearn_fixed,3.4207277862420726,0.9418456463704319,0.055793991416309016
momentum,102,qlearn_kalman,0.0,,0.0
momentum,102,buyhold,-33.89125419926615,-1.9547043548342913,1.0
momentum,102,ma_crossover,-17.8714034033718,-1.876683900215045,0.26180257510729615
momentum,103,qlearn_fixed,0.0,,0.0
momentum,103,qlearn_kalman,-6.642324161212487,-0.8530285623270869,0.13733905579399142
momentum,103,buyhold,11.92960091235813,0.6480159256324809,1.0
momentum,103,ma_crossover,4.112390852021863,0.35615559657646745,0.5236051502145923
momentum,104,qlearn_fixed,0.0,,0.0
momentum,104,qlearn_kalman,0.0,,0.0
momentum,104,buyhold,-36.37366431572019,-1.848295543554754,1.0
momentum,104,ma_crossover,-19.559573680841723,-1.3420081324711044,0.3261802575107296
momentum,105,qlearn_fixed,0.29283301040754495,0.07947996259227082,0.12446351931330472
momentum,105,qlearn_kalman,-25.442640680408623,-3.21489764398765,0.12017167381974249
momentum,105,buyhold,-15.285584205078917,-0.719113993227747,1.0
momentum,105,ma_crossover,-8.437437949281001,-0.608587046027327,0.44206008583690987
momentum,106,qlearn_fixed,-7.565503675753293,-1.3225415260744227,0.05150214592274678
momentum,106,qlearn_kalman,0.0,,0.0
momentum,106,buyhold,-19.700987418437165,-0.9530869065232638,1.0
momentum,106,ma_crossover,-14.610532313209589,-1.1242434954387603,0.44206008583690987
momentum,107,qlearn_fixed,4.852392699211894,1.4262539418486961,0.02145922746781116
momentum,107,qlearn_kalman,11.707707825572221,2.0605796592727326,0.03862660944206009
momentum,107,buyhold,13.893281440280813,0.7951347515880695,1.0
momentum,107,ma_crossover,15.687878367611852,1.1067848367108752,0.6437768240343348
momentum,108,qlearn_fixed,-6.427919856902831,-0.7067873915635412,0.15450643776824036
momentum,108,qlearn_kalman,0.0,,0.0
momentum,108,buyhold,-7.050391212821028,-0.251208178852949,1.0
momentum,108,ma_crossover,-7.406185325280101,-0.48370166538513704,0.4892703862660944
momentum,109,qlearn_fixed,-9.927559619547054,-2.553387886093955,0.02575107296137339
momentum,109,qlearn_kalman,0.0,,0.0
momentum,109,buyhold,12.097631375176586,0.6649285559339725,1.0
momentum,109,ma_crossover,4.642173810338979,0.38586335428135204,0.592274678111588
momentum,110,qlearn_fixed,44.21456506050549,3.84735937096852,0.19313304721030042
momentum,110,qlearn_kalman,0.0,,0.0
momentum,110,buyhold,-24.038121236045495,-1.1564614919381961,1.0
momentum,110,ma_crossover,-14.5465059586966,-1.2121118754474145,0.33476394849785407
momentum,111,qlearn_fixed,-3.3702076035608486,-0.5213993456402679,0.09871244635193133
momentum,111,qlearn_kalman,-5.555143039913634,-1.0392429433662096,0.06866952789699571
momentum,111,buyhold,69.42243470835989,2.5800710853968445,1.0
momentum,111,ma_crossover,35.0291099206465,1.9669631799720078,0.6609442060085837
momentum,112,qlearn_fixed,0.0,,0.0
momentum,112,qlearn_kalman,-5.10928475726703,-0.5276624138042028,0.15021459227467812
momentum,112,buyhold,62.646456027332896,2.426676219231155,1.0
momentum,112,ma_crossover,55.71503219246456,2.848003300969863,0.5793991416309013
momentum,113,qlearn_fixed,6.476148094622225,0.7875667069423893,0.2017167381974249
momentum,113,qlearn_kalman,-2.8831083777011046,-0.548557431371065,0.055793991416309016
momentum,113,buyhold,-15.76289527526722,-0.731679071088608,1.0
momentum,113,ma_crossover,-19.745017361105244,-1.75834302910598,0.40772532188841204
momentum,114,qlearn_fixed,12.920146717229542,2.01423605604761,0.10300429184549356
momentum,114,qlearn_kalman,0.0,,0.0
momentum,114,buyhold,-36.005825634484,-1.9186914026087505,1.0
momentum,114,ma_crossover,-12.448556258897225,-0.9874001333709267,0.27896995708154504
momentum,115,qlearn_fixed,-11.834290852258134,-2.070542065859393,0.08583690987124463
momentum,115,qlearn_kalman,0.0,,0.0
momentum,115,buyhold,-14.415346707249888,-0.6629851177297185,1.0
momentum,115,ma_crossover,-4.595639091129811,-0.27095603955335584,0.5021459227467812
momentum,116,qlearn_fixed,0.0,,0.0
momentum,116,qlearn_kalman,-4.932237443694831,-0.8343023051286101,0.05150214592274678
momentum,116,buyhold,-21.860330830755103,-1.0390997863438154,1.0
momentum,116,ma_crossover,-6.227953856298429,-0.43400319050933994,0.3948497854077253
momentum,117,qlearn_fixed,-6.052846336350914,-0.5820139366834116,0.22317596566523606
momentum,117,qlearn_kalman,0.0,,0.0
momentum,117,buyhold,-7.31592688624092,-0.26304800501144354,1.0
momentum,117,ma_crossover,-7.218554401850053,-0.49949561718737967,0.4206008583690987
momentum,118,qlearn_fixed,-3.999419708540941,-0.5251874006591876,0.11158798283261803
momentum,118,qlearn_kalman,-1.4518460514462483,-0.21286597756460607,0.07296137339055794
momentum,118,buyhold,47.319563464916946,1.9667885440035842,1.0
momentum,118,ma_crossover,24.72178014535862,1.407763518410722,0.5836909871244635
momentum,119,qlearn_fixed,-0.16769737897561754,-0.015283398212213478,0.07296137339055794
momentum,119,qlearn_kalman,0.0,,0.0
momentum,119,buyhold,-9.094460332685717,-0.394932578014023,1.0
momentum,119,ma_crossover,-10.69662780077274,-0.7987612210515163,0.5021459227467812
momentum,120,qlearn_fixed,-3.57452231093518,-0.44273526334999436,0.1630901287553648
momentum,120,qlearn_kalman,-3.9054613619704637,-0.8290637011002576,0.06866952789699571
momentum,120,buyhold,-5.463014537645794,-0.15762574400363152,1.0
momentum,120,ma_crossover,-1.5457183489078985,-0.024248584697428518,0.4248927038626609
momentum,121,qlearn_fixed,-11.829679931327608,-1.1094299596015418,0.2017167381974249
momentum,121,qlearn_kalman,0.0,,0.0
momentum,121,buyhold,-14.773419700557488,-0.6169631869709327,1.0
momentum,121,ma_crossover,-11.354158949040604,-0.8177632546043634,0.37339055793991416
momentum,122,qlearn_fixed,0.0,,0.0
momentum,122,qlearn_kalman,0.0,,0.0
momentum,122,buyhold,2.0042781205188875,0.208465257034374,1.0
momentum,122,ma_crossover,-13.910874740378809,-0.8800314994342594,0.5064377682403434
momentum,123,qlearn_fixed,-2.671804759778973,-0.34682592242222193,0.1072961373390558
momentum,123,qlearn_kalman,0.0,,0.0
momentum,123,buyhold,7.961996354276568,0.47162318220512267,1.0
momentum,123,ma_crossover,14.371725153405613,0.8965361844912931,0.6351931330472103
momentum,124,qlearn_fixed,0.0,,0.0
momentum,124,qlearn_kalman,0.0,,0.0
momentum,124,buyhold,12.65732043650505,0.7479666717462596,1.0
momentum,124,ma_crossover,15.355955556906608,1.1125045038744266,0.5793991416309013
momentum,125,qlearn_fixed,-11.09163740047311,-1.0230007797599519,0.20600858369098712
momentum,125,qlearn_kalman,0.0,,0.0
momentum,125,buyhold,-21.405033546787212,-1.049304012432927,1.0
momentum,125,ma_crossover,-18.028937427320013,-1.6632808015037415,0.34334763948497854
momentum,126,qlearn_fixed,3.6389245240703527,0.4540560896363907,0.18454935622317598
momentum,126,qlearn_kalman,0.0,,0.0
momentum,126,buyhold,37.64454787120379,1.6487984461251737,1.0
momentum,126,ma_crossover,29.367278229504734,1.6255704717914798,0.6051502145922747
momentum,127,qlearn_fixed,-15.694513098505347,-2.694398991566679,0.06437768240343347
momentum,127,qlearn_kalman,-10.65595153505483,-1.174914024281788,0.19742489270386265
momentum,127,buyhold,43.29008760190269,1.9737580394174812,1.0
momentum,127,ma_crossover,35.41376763871749,2.040458820869157,0.6394849785407726
momentum,128,qlearn_fixed,-8.112869744543039,-0.5940265512435932,0.33047210300429186
momentum,128,qlearn_kalman,0.0,,0.0
momentum,128,buyhold,24.414989809427045,1.1208016325804075,1.0
momentum,128,ma_crossover,4.739454227883533,0.3721211668699081,0.6051502145922747
momentum,129,qlearn_fixed,23.35791409719803,2.4250112633506142,0.18025751072961374
momentum,129,qlearn_kalman,-9.73623695203154,-2.5524208105569355,0.055793991416309016
momentum,129,buyhold,11.539513702195858,0.6318344417534423,1.0
momentum,129,ma_crossover,-8.91119712739169,-0.4871583442721968,0.5793991416309013
momentum,130,qlearn_fixed,-9.46448082595117,-1.0526626079271075,0.22746781115879827
momentum,130,qlearn_kalman,0.0,,0.0
momentum,130,buyhold,94.46423260833983,3.2748647411274896,1.0
momentum,130,ma_crossover,46.18163001463558,2.278385450835989,0.7253218884120172
momentum,131,qlearn_fixed,-3.8708989432454044,-1.3305828423179422,0.02575107296137339
momentum,131,qlearn_kalman,-9.580883004807683,-1.1820738690575092,0.11158798283261803
momentum,131,buyhold,-36.40106978293046,-2.32745754373113,1.0
momentum,131,ma_crossover,-19.57561405774667,-2.0844878305983174,0.27467811158798283
momentum,132,qlearn_fixed,1.097689257565948,0.18803897190124483,0.11158798283261803
momentum,132,qlearn_kalman,-3.4710550348753033,-0.27055054622195474,0.21888412017167383
momentum,132,buyhold,77.67842721581175,2.8214789450516933,1.0
momentum,132,ma_crossover,41.08503586427075,2.083186503388411,0.6995708154506438
momentum,133,qlearn_fixed,-10.58533313020108,-1.3487792473395563,0.13733905579399142
momentum,133,qlearn_kalman,-4.503089037362029,-0.384185195648471,0.2017167381974249
momentum,133,buyhold,-17.07944103752149,-0.7521576653779162,1.0
momentum,133,ma_crossover,-5.369944824993322,-0.34446368604574834,0.4678111587982833
momentum,134,qlearn_fixed,0.0,,0.0
momentum,134,qlearn_kalman,0.0,,0.0
momentum,134,buyhold,-18.107547050442875,-0.8767586072106732,1.0
momentum,134,ma_crossover,-8.862983402142689,-0.6282900238853364,0.38197424892703863
momentum,135,qlearn_fixed,0.0,,0.0
momentum,135,qlearn_kalman,0.0,,0.0
momentum,135,buyhold,48.720046328517874,1.9471402934062303,1.0
momentum,135,ma_crossover,21.366051585106227,1.1593999215719453,0.6781115879828327
momentum,136,qlearn_fixed,6.2404066027256455,0.6217679384615122,0.3090128755364807
momentum,136,qlearn_kalman,-11.82921895684419,-1.9123789989299131,0.08583690987124463
momentum,136,buyhold,-26.818724052439503,-1.4933886575342363,1.0
momentum,136,ma_crossover,-3.0571429696005126,-0.21278606308292777,0.3605150214592275
momentum,137,qlearn_fixed,-5.329115419359621,-0.3150688051823474,0.44635193133047213
momentum,137,qlearn_kalman,-7.708618974044789,-0.797048934449703,0.18454935622317598
momentum,137,buyhold,-5.0157194489536145,-0.10333589950273797,1.0
momentum,137,ma_crossover,-15.398021224300662,-0.963141311798632,0.5064377682403434
momentum,138,qlearn_fixed,0.0,,0.0
momentum,138,qlearn_kalman,0.0,,0.0
momentum,138,buyhold,32.27448061426021,1.4418729111118784,1.0
momentum,138,ma_crossover,21.99624080647624,1.3764352731381106,0.6394849785407726
momentum,139,qlearn_fixed,-8.76602164849315,-1.1977727271124967,0.14163090128755365
momentum,139,qlearn_kalman,-18.54019194849188,-2.5282413018890297,0.13733905579399142
momentum,139,buyhold,5.586846385344013,0.3664674437356321,1.0
momentum,139,ma_crossover,4.76083471802311,0.3907460247312668,0.4592274678111588
momentum,140,qlearn_fixed,-5.181626697086717,-0.37146723375148794,0.3133047210300429
momentum,140,qlearn_kalman,-5.831121433743491,-1.5614878113256234,0.05150214592274678
momentum,140,buyhold,-0.49139016593705565,0.08439575783405094,1.0
momentum,140,ma_crossover,-12.445057644418933,-0.8008881843485647,0.5536480686695279
momentum,141,qlearn_fixed,0.0,,0.0
momentum,141,qlearn_kalman,-11.311225658172075,-1.804326245534304,0.13733905579399142
momentum,141,buyhold,41.30422238597566,1.8262910065539142,1.0
momentum,141,ma_crossover,23.311629876573427,1.3833428018595366,0.6695278969957081
momentum,142,qlearn_fixed,1.4090365114391101,0.37321307467682785,0.03862660944206009
momentum,142,qlearn_kalman,10.985231613579982,1.648247961806933,0.09871244635193133
momentum,142,buyhold,-26.975670891357538,-1.4484494451215753,1.0
momentum,142,ma_crossover,-14.985175553981511,-1.274407475539037,0.38626609442060084
momentum,143,qlearn_fixed,-1.6400397547956858,-0.33431979366470543,0.04721030042918455
momentum,143,qlearn_kalman,0.0,,0.0
momentum,143,buyhold,34.35932777770485,1.563789742437218,1.0
momentum,143,ma_crossover,20.426233265020734,1.3101717739644423,0.5793991416309013
momentum,144,qlearn_fixed,-8.274135820128947,-0.9840121385776763,0.15021459227467812
momentum,144,qlearn_kalman,0.459189231716306,0.10862779891380497,0.09012875536480687
momentum,144,buyhold,10.749033953719266,0.6012180862794724,1.0
momentum,144,ma_crossover,7.412780642596051,0.5317823589161756,0.5579399141630901
momentum,145,qlearn_fixed,-5.377647290652732,-0.9170093219954079,0.06866952789699571
momentum,145,qlearn_kalman,-6.699575954318782,-1.4163050587301722,0.06437768240343347
momentum,145,buyhold,-9.784373018190507,-0.367373394129635,1.0
momentum,145,ma_crossover,-14.714138297939162,-0.9043782841864785,0.44635193133047213
momentum,146,qlearn_fixed,-23.943081517724263,-1.5611286759854628,0.7339055793991416
momentum,146,qlearn_kalman,0.0,,0.0
momentum,146,buyhold,58.476490267383866,2.5235700989718977,1.0
momentum,146,ma_crossover,56.72961136134074,2.928020799716725,0.6952789699570815
momentum,147,qlearn_fixed,-12.814871645612769,-1.2279271516180064,0.2832618025751073
momentum,147,qlearn_kalman,-1.37258546289718,-0.3228561243198692,0.05150214592274678
momentum,147,buyhold,8.432283337769686,0.5203087503582516,1.0
momentum,147,ma_crossover,12.69165954798288,0.9087704637510515,0.5836909871244635
momentum,148,qlearn_fixed,0.0,,0.0
momentum,148,qlearn_kalman,0.0,,0.0
momentum,148,buyhold,12.568678417798429,0.6743932251246891,1.0
momentum,148,ma_crossover,-3.743791156999965,-0.17289961987298758,0.5493562231759657
momentum,149,qlearn_fixed,35.383377772190116,2.62402829118323,0.2317596566523605
momentum,149,qlearn_kalman,0.0,,0.0
momentum,149,buyhold,64.54717348989834,2.592863475702245,1.0
momentum,149,ma_crossover,45.011107765116364,2.2696963500608547,0.6909871244635193
